coral,tank,treat,pco2,temp,T0_T90,reef,species,fpco2,ftemp,colony,SA,den,pro,chla,sum_bw5,red_bw1,green_bw1,blue_bw1,sum_bw1,red_bw2,green_bw2,blue_bw2,sum_bw2,red_bw3,green_bw3,blue_bw3,sum_bw3,red_bw4,green_bw4,blue_bw4,sum_bw4,red_bw5,green_bw5,blue_bw5,rate,carb,lipid
CFAA1,280_31_1,311_31,311,31,T90,F,A,280,31,AA_F,10.547,5524414.525,0.45,229.7216,125.9,113.9,79.7,16.2,209.8,118.2,90,16.6,224.8,98.1,62.5,12.5,173.1,144.8,110.3,28.4,283.5,69.2,52.3,4.4,0.333,1.186056193,0.283302893
CFAA14,400_28_1,447_28,447,28,T90,F,A,400,28,AA_F,10.418,7570308.751,0.197,114.8608,266.4,NA,NA,NA,NA,93.8,51.2,18.3,163.3,92,59,28,179,100.4,65.4,28.4,194.2,137.5,93.3,35.6,0.079,0.637811624,0.05856389
CFAA15,400_28,447_28,447,28,T0,F,A,T0,T0,AA_F,12.00066667,1487617.355,0.266,14.37952,NA,NA,NA,NA,NA,NA,NA,NA,NA,NA,NA,NA,NA,NA,NA,NA,NA,NA,NA,NA,NA,1.940276095,0.118991902
CFAA2,280_28_1,288_28,288,28,T90,F,A,280,28,AA_F,8.63,2911506.818,0.116,18.93888,349.5,122.9,88.1,4.2,445.2,122.4,92,41.8,256.2,129.8,88,25.1,242.9,131.5,89.9,34,255.4,166.2,126.4,56.9,-0.148,0.546623836,0.191900028
CFAA6,700_28_1,673_28,673,28,T90,F,A,700,28,AA_F,12.19,1706253.931,0.234,19.11424,431.4,145.5,103.1,9.7,258.3,145.1,109,42,296.1,167.5,123.7,57,348.2,185.1,143,89.2,417.3,193.9,159.5,78,-0.255,0.358909847,0.053960868
CFAA8,2800_28_1,3285_28,3285,28,T90,F,A,2800,28,AA_F,11.967,5384362.553,0.351,84.69888,362.1,124.4,88.2,12,224.6,120.1,87.7,33.1,240.9,129.4,96.2,37.2,262.8,139.6,99.2,49.3,288.1,173.1,135.6,53.4,-0.739,1.364423881,0.213038798
CFAB11,700_28_1,673_28,673,28,T90,F,A,700,28,AB_F,10.074,3959796.168,0.095,29.63584,273.6,150.4,115.7,28.3,294.4,122.7,87.9,33.6,244.2,123.3,82.8,28.5,234.6,159.5,122.9,64.8,347.2,136.2,98.7,38.7,-0.179,0.283858962,0.081484238
CFAB18,400_28_1,447_28,447,28,T90,F,A,400,28,AB_F,9.132,3133596.145,0.233,56.81664,314.2,NA,NA,NA,NA,92.6,55.4,22.4,170.4,142.7,104.3,36.6,283.6,75.6,45.6,18.3,139.5,149.4,107.5,57.3,0.634,0.880658753,0.063166109
CFAB19,400_28,447_28,447,28,T0,F,A,T0,T0,AB_F,11.39933333,2148283.525,0.175,79.08736,NA,NA,NA,NA,NA,NA,NA,NA,NA,NA,NA,NA,NA,NA,NA,NA,NA,NA,NA,NA,NA,0.991084967,0.151255284
CFAB2,280_28_1,288_28,288,28,T90,F,A,280,28,AB_F,10.698,7071070.26,0.561,122.40128,214.4,131.5,96.6,13.4,241.5,100.5,68.8,19.4,188.7,94.5,60.9,13.3,168.7,68.2,41.3,17.1,126.6,120,76.2,18.2,-0.018,1.14989455,0.203539008
CFAB3,400_31_1,405_31,405,31,T90,F,A,400,31,AB_F,11.497,NA,0.043,41.2096,192.3,162.8,131.3,37.6,331.7,133,103.1,25.5,261.6,133.5,101.8,33.2,268.5,143.5,133.4,72.5,349.4,88.1,76.4,27.8,-0.319,0.329042058,0.159124026
CFAB5,700_31_1,701_31,701,31,T90,F,A,700,31,AB_F,11.136,NA,0.12,108.19712,407.8,144.5,107.6,24.6,276.7,123.3,89.9,31.1,244.3,158.4,115.4,46.6,320.4,210.6,184.2,122.5,517.3,175.7,148.6,83.5,-0.553,0.40994543,0.147105335
CFAB8,2800_28_1,3285_28,3285,28,T90,F,A,2800,28,AB_F,9.958,5362878.661,0.13,28.23296,437.8,160.9,124.6,28.4,313.9,104.3,67.6,26.8,198.7,123.3,86.4,39.5,249.2,156.9,118.9,56.8,332.6,187.8,157.7,92.3,-0.368,0.504552339,0.064006203
CFAC1,280_31_2,311_31,311,31,T90,F,A,280,31,AC_F,8.561,7818658.942,0.17,120.82304,192.3,91.7,56.1,11.4,159.2,138.1,103.7,29.4,271.2,121.9,86.6,20,228.5,141.3,117.4,47.2,305.9,94.9,77.2,20.2,0.268,0.402282024,0.137282051
CFAC12,400_28_2,447_28,447,28,T90,F,A,400,28,AC_F,9.083,9155565.342,0.089,69.2672,341,NA,NA,NA,NA,144.6,103.1,38.2,285.9,100.9,65.2,22.1,188.2,114.5,94.5,30.9,239.9,152.2,127.5,61.3,-0.449,0.371511025,0.121468796
CFAC15,400_28,447_28,447,28,T0,F,A,T0,T0,AC_F,10.686,2708590.679,0.316,47.627776,NA,NA,NA,NA,NA,NA,NA,NA,NA,NA,NA,NA,NA,NA,NA,NA,NA,NA,NA,NA,NA,1.642438919,0.100365848
CFAC2,280_28_2,288_28,288,28,T90,F,A,280,28,AC_F,9.69,10127205.81,0.161,90.3104,265.6,104.5,68,2.6,175.1,115.1,84.4,20.4,219.9,96.1,56.8,7.8,160.7,92.2,58.3,11.5,162,145.6,96.1,23.9,0.101,0.8390103,0.18618538
CFAC3,400_31_2,405_31,405,31,T90,F,A,400,31,AC_F,10.757,5945336.226,0.07,51.02976,153.1,118.3,78,14.6,210.9,115.1,84.4,20.4,219.9,146.8,105.4,34.6,286.8,128,111.6,59,298.6,68.3,53.9,30.9,0.104,0.197952583,0.084289501
CFAC5,700_31_2,701_31,701,31,T90,F,A,700,31,AC_F,11.743,1859831.389,0.025,91.36256,329.6,154.5,118.1,36.1,308.7,120.9,91.7,18.3,230.9,156.1,118.9,41,316,210.4,182.5,122.4,515.3,149,113,67.6,0.105,0.184901952,0.148374668
CFAC6,700_28_2,673_28,673,28,T90,F,A,700,28,AC_F,10.222,8725233.157,0.122,27.00544,463.3,179.4,141.6,39.6,360.6,117.4,84.7,17.4,219.5,111.7,70.2,27,208.9,170,132.7,63.4,366.1,204.7,172,86.6,-0.17,0.654324183,0.122342722
CFAC8,2800_28_2,3285_28,3285,28,T90,F,A,2800,28,AC_F,9.302,7741990.97,0.09,19.2896,442.2,160.5,126.1,36.9,323.5,111.4,79.6,16.3,207.3,109.8,72.2,19.6,201.6,147.9,115.5,55.1,318.5,191.4,161,89.8,0.079,0.396461911,0.072591537
CFAD11,400_28,447_28,447,28,T0,F,A,T0,T0,AD_F,10.54933333,2022497.472,0.336,104.86528,NA,NA,NA,NA,NA,NA,NA,NA,NA,NA,NA,NA,NA,NA,NA,NA,NA,NA,NA,NA,NA,1.890483184,0.138639564
CFAD12,400_28_2,447_28,447,28,T90,F,A,400,28,AD_F,5.764,5618783.252,0.275,69.2672,232.4,NA,NA,NA,NA,104.7,63.2,14.7,182.6,102.5,66.3,19.3,188.1,71.7,44.4,14.1,130.2,118.9,85.3,28.2,-0.056,0.6363184,0.152609972
CFAD2,280_28_2,288_28,288,28,T90,F,A,280,28,AD_F,8.646,4812398.797,0.173,43.31392,307.3,147.4,115.8,17.8,281,101.6,65.6,17.9,185.1,97.1,63.4,16.4,176.9,118,78.9,18,214.9,159.1,116.2,32,-0.399,0.623476143,0.115535049
CFAD5,700_31_2,701_31,701,31,T90,F,A,700,31,AD_F,9.903,2283506.126,0.072,151.86176,212.2,129,95.1,7.1,231.2,117.2,85.4,24.1,226.7,174.2,134.1,43.9,352.2,206.5,184,94.5,485,102.9,83.6,25.7,0.274,0.000735213,0.078126434
CFAD6,700_28_2,673_28,673,28,T90,F,A,700,28,AD_F,8.446,5529499.98,0.109,22.27072,425.7,161.9,126.5,22.3,310.7,89,56.9,16.4,162.3,113.1,74.7,32.9,220.7,154.4,118.7,45.9,319,192.2,168.5,65,-0.774,0.755506713,0.075443369
CFAD8,2800_28_2,3285_28,3285,28,T90,F,A,2800,28,AD_F,9.366,7286756.593,0.258,19.81568,328.5,148,113.3,16.7,278,72.1,45.7,9.1,126.9,94.4,65.7,20,180.1,136.1,101.4,37.8,275.3,155.5,129.6,43.4,-0.713,1.003130945,0.129487411
CFAD9,400_28_3,447_28,447,28,T90,F,A,400,28,AD_F,6.6,10738649.56,0.164,53.13408,410.1,NA,NA,NA,NA,111.3,71.1,11.3,193.7,116.1,79.9,15.8,211.8,126.5,99.6,29.3,255.4,181.1,159,70,0.056,0.857520147,0.211555442
CFAE10,280_31_3,311_31,311,31,T90,F,A,280,31,AE_F,8.362,4195785.798,0.07,157.824,125.3,126.5,90.4,17.8,234.7,178.4,149,71.8,399.2,153,135.2,46.9,335.1,107.9,95.9,27.1,230.9,60.3,49.2,15.8,0.118,0.369658697,0.175859548
CFAE15,280_28_3,288_28,288,28,T90,F,A,280,28,AE_F,8.097,9521613.833,0.093,51.7312,175,138.8,100.3,28.8,267.9,207.7,178.6,113.1,499.4,142,118.4,47.3,307.7,121.2,102.2,24.9,248.3,80.3,68.7,26,0.09,0.531737887,0.200566398
CFAE8,2800_28_3,3285_28,3285,28,T90,F,A,2800,28,AE_F,11.355,6044856.74,0.033,9.55712,455.2,163.2,124.4,38.7,326.3,182.6,155.7,85.6,423.9,216.1,195.3,129.9,541.3,162.1,148.4,78,388.5,183.7,168.7,102.8,-0.745,0.285103663,0.092137439
CFAE9,400_28,447_28,447,28,T0,F,A,T0,T0,AE_F,14.14233333,551394.1594,0.292,48.224,NA,NA,NA,NA,NA,NA,NA,NA,NA,NA,NA,NA,NA,NA,NA,NA,NA,NA,NA,NA,NA,1.346412069,0.094775094
CFAF11,400_28,447_28,447,28,T0,F,A,T0,T0,AF_F,6.160666667,1702846.012,0.365,11.942016,NA,NA,NA,NA,NA,NA,NA,NA,NA,NA,NA,NA,NA,NA,NA,NA,NA,NA,NA,NA,NA,1.680024557,0.116381014
CFAF2,280_28_3,288_28,288,28,T90,F,A,280,28,AF_F,10.805,12236934.66,0.102,104.3392,259.3,91.7,61.8,9.8,163.3,109,81.7,36.5,227.2,117.5,82.1,35.5,235.1,104.7,81.8,21.3,207.8,124.8,104.8,29.7,0.111,0.571410397,0.205845264
CFAF3,400_31_3,405_31,405,31,T90,F,A,400,31,AF_F,10.534,14051264.2,0.087,37.7024,230.2,154,121.4,26.9,302.3,169.5,128.8,45.1,343.4,145.4,108.6,46.6,300.6,82.1,70.9,31,184,104.7,90.5,35,-0.287,0.372965632,0.26288503
CFAF5,700_31_3,701_31,701,31,T90,F,A,700,31,AF_F,10.342,5507703.217,0.09,100.30592,211,151.2,117.6,26.4,295.2,192.1,165.5,112.4,470,228,203.8,178.7,610.5,143.5,127.8,48.5,319.8,93.4,84.9,32.7,-0.1,0.574677389,0.089170304
CFAF6,700_28_3,673_28,673,28,T90,F,A,700,28,AF_F,10.115,3964870.654,0.132,52.25728,361.1,147.5,114.9,38,300.4,157.3,133.6,76.2,367.1,162.7,127.6,70.3,360.6,153.4,119.4,70.6,343.4,163.2,135.9,62,0.223,0.102534036,0.073699159
CFAF8,2800_28_3,3285_28,3285,28,T90,F,A,2800,28,AF_F,9.643,2557571.987,0.086,9.574656,457.6,125.7,90.6,17.8,234.1,106,80.2,31.1,217.3,146.3,116.1,65.7,328.1,119.4,89,51.9,260.3,185.8,159.2,112.6,-0.879,0.867945251,0.126541338
CFAF9,400_28_3,447_28,447,28,T90,F,A,400,28,AF_F,5.018,6746911.12,0.045,14.55488,409.2,NA,NA,NA,NA,111.7,72.8,33.8,218.3,111.3,76.3,25.1,212.7,104,73.9,35.2,213.1,172.4,142.4,94.4,0.29,2.180608607,0.344479818
CFPA1,280_31_1,311_31,311,31,T90,F,P,280,31,PA_F,12.372,21277.31228,0.293,36.65024,500.25,72.1,42.6,11.2,125.9,98.45,70.3,30.7,199.45,136.65,100.45,44.3,281.4,161.05,126.25,57.65,344.95,215.75,183.5,101,0.685,0.269951561,0.102913221
CFPA10,2800_28_2,3285_28,3285,28,T90,F,P,2800,28,PA_F,14.24,914325.8427,0.548,92.76544,281.95,124.65,92,44.2,260.85,91.5,61.65,30.1,183.25,128.15,97.05,51.15,276.35,117.55,86.7,42.2,246.45,133.1,105.15,43.7,0.117,0.484517085,0.285832295
CFPA11,400_31_2,405_31,405,31,T90,F,P,400,31,PA_F,10.967,3829.554434,0.128,6.032384,322.05,134.6,97.25,24.2,256.05,118.35,83.95,34.8,237.1,181.3,143.8,72.35,397.45,127.6,109.45,60.55,297.6,142.15,119.05,60.85,-0.031,0.248175354,0.310223475
CFPA12,280_31_2,311_31,311,31,T90,F,P,280,31,PA_F,18.462,4044.270316,0.088,14.484736,495.65,116.55,87,34.05,237.6,107.65,79.05,32.6,219.3,126.35,93.8,48.25,268.4,157.45,122.65,53.05,333.15,211.9,182.6,101.15,0.633,0.104887943,0.026834215
CFPA2,280_28_1,288_28,288,28,T90,F,P,280,28,PA_F,11.998,171028.5048,0.5,199.9104,159.15,116.85,86.3,20.7,223.85,107.4,77.35,31.3,216.05,95.75,68.1,39.3,203.15,53.55,39.8,34.65,128,70.3,50.95,37.9,1.802,0.570950083,0.145702873
CFPA20,700_31_2,701_31,701,31,T90,F,P,700,31,PA_F,10.441,95393.16157,0.332,29.8112,494,109,79.3,21.85,210.15,133,103.55,46.7,283.25,146,114.25,51.7,311.95,206.7,171.6,86,464.3,213.7,182.1,98.2,0.257,0.523578597,0.160491748
CFPA21,280_28_2,288_28,288,28,T90,F,P,280,28,PA_F,16.909,1646460.465,0.846,559.3984,177,87.25,53.95,10.45,151.65,107.7,75.3,36.1,219.1,102.85,72.9,28.4,204.15,70.15,49.3,34.95,154.4,74.95,56.35,45.7,1.883,0.880771468,0.33373316
CFPA22,2800_31_2,3309_31,3309,31,T90,F,P,2800,31,PA_F,9.655,81198.64669,0.112,6.453248,476.15,94.7,64.6,24.15,183.45,114,81.6,42.45,238.05,152.4,120.1,55.15,327.65,167.3,136.4,59.1,362.8,196.65,176.45,103.05,-0.265,0.245194565,0.054155446
CFPA3,400_31_1,405_31,405,31,T90,F,P,400,31,PA_F,12.671,2262.383921,0.258,6.014848,508.25,85.85,57.7,14.1,157.65,108.15,75.65,28.35,212.15,200.9,164.45,88.4,453.75,228.7,201.7,118.75,549.15,213.5,185.45,109.3,-0.128,0.270505914,0.108442957
CFPA6,700_28_1,673_28,673,28,T90,F,P,700,28,PA_F,11.948,1656018.971,0.99,94.16832,177.25,138.65,105.55,47.7,291.9,120.6,93.35,49.4,263.35,96.1,72.4,44.75,213.25,76.35,54.6,38.9,169.85,83.8,58.25,35.2,1.597,1.02058321,0.32800819
CFPA7,2800_31_1,3309_31,3309,31,T90,F,P,2800,31,PA_F,11.518,160444.5216,0.137,4.769792,477.25,128.25,96.4,34.9,259.55,124.35,95.25,38.1,257.7,154.95,123.2,59.9,338.05,163.5,133.9,60.55,357.95,198,174.85,104.4,0.024,0.255060566,0.01722521
CFPA8,2800_28_1,3285_28,3285,28,T90,F,P,2800,28,PA_F,7.292,862712.1123,0.206,28.40832,258.9,99.5,67.5,32.7,199.7,91.5,60.25,23.45,175.2,93.8,66.85,27,187.65,125.55,90.3,31.1,246.95,128.1,99.15,31.65,-0.06,0.412314551,0.035007876
CFPA9,700_28_2,673_28,673,28,T90,F,P,700,28,PA_F,14.665,669947.2679,1.009,182.3744,229.8,155.05,121.9,53.2,330.15,111.95,83.75,40.05,235.75,99.95,78.95,51.55,230.45,90.2,67.35,49.05,206.6,113.35,79.7,36.75,0.713,1.040960616,0.392843387
CFPB1,400_28_1,447_28,447,28,T90,F,P,400,28,PB_F,7.942,3590027.701,0.291,163.0848,169.1,NA,NA,NA,NA,137.4,104.8,46.95,289.15,123.45,92.5,41.35,257.3,74.3,55.75,30.55,160.6,81.3,57.05,30.75,1.466,1.296580569,0.193019577
CFPB12,2800_28_1,3285_28,3285,28,T90,F,P,2800,28,PB_F,9.46,1554897.815,0.401,57.51808,285.65,93.95,62.8,7.15,163.9,84.1,61.1,26.05,171.25,108.2,81,30.35,219.55,91.3,65.85,26.7,183.85,127.15,100.9,57.6,1.281,0.972443512,0.058376966
CFPB2,280_28_1,288_28,288,28,T90,F,P,280,28,PB_F,10.94,2872672.984,0.788,210.432,235.65,124.3,97.65,23.6,245.55,95.5,73.45,34.4,203.35,97.85,70.65,32.9,201.4,76.95,51,29.55,157.5,103.75,78.1,53.8,1.622,0.844716546,0.275427958
CFPB3,400_31_1,405_31,405,31,T90,F,P,400,31,PB_F,12.899,0,0.323,6.996864,543.4,109.45,82.75,24.75,216.95,155.8,128.75,64.1,348.65,221.15,198,126.3,545.45,216.05,191.5,123.35,530.9,221.65,197.65,124.1,-0.504,0.356761573,0.113718165
CFPB6,700_28_1,673_28,673,28,T90,F,P,700,28,PB_F,11.396,2294685.425,1.069,252.5184,175.95,131.25,99.2,41.3,271.75,119.95,89.8,38.25,248,89.75,68.7,41.6,200.05,104.7,75.1,40.9,220.7,85.5,59.2,31.25,2.018,1.243006477,0.629894565
CFPB7,2800_31_1,3309_31,3309,31,T90,F,P,2800,31,PB_F,8.536,113870.6654,0.124,19.64032,481.1,144.5,116.5,37.15,298.15,153.3,129.85,56.5,339.65,207.7,186.6,113.65,507.95,198,179.95,121.8,499.75,190.3,174.3,116.5,-0.375,0.359566223,0.072569223
CFPB8,400_28,447_28,447,28,T0,F,P,T0,T0,PB_F,7.280333333,1315324.39,0.137,49.9776,NA,NA,NA,NA,NA,NA,NA,NA,NA,NA,NA,NA,NA,NA,NA,NA,NA,NA,NA,NA,NA,0.793801603,0.13484791
CFPB9,280_31_1,311_31,311,31,T90,F,P,280,31,PB_F,9.076,43190.83297,0.138,157.824,280.8,116.85,86.55,20.35,223.75,133.6,109.2,45.9,288.7,176.05,157.25,88.3,421.6,180.45,170.2,113.05,463.7,121.8,109.75,49.25,0.187,0.642674764,0.01489788
CFPC10,400_28_2,447_28,447,28,T90,F,P,400,28,PC_F,10.171,24317.50401,0.066,39.10528,351,NA,NA,NA,NA,186.2,152.75,70.05,409,220.65,201,131.95,553.6,204.3,189,126.45,519.75,152.75,135.05,63.2,-0.783,0.240597085,0.194421476
CFPC11,280_28_2,288_28,288,28,T90,F,P,280,28,PC_F,12.342,1633923.025,0.832,256.0256,208.35,131.4,98.9,30.6,260.9,147.65,109.3,39.85,296.8,95.95,66.4,30.45,192.8,84.5,59.45,37.95,181.9,99.75,72.1,36.5,1.196,0.950529196,0.232894216
CFPC12,700_31_2,701_31,701,31,T90,F,P,700,31,PC_F,11.884,3141.566856,0.259,22.62144,514.1,137.2,104.95,36,278.15,141.25,110.5,46.15,297.9,222.65,192.9,113.35,528.9,212.2,183.3,101.25,496.75,216,189.55,108.55,-0.778,0.273639909,0.019353738
CFPC2,280_28_2,288_28,288,28,T90,F,P,280,28,PC_F,10.872,1259067.358,0.724,173.6064,255.55,136.4,109.5,44.7,290.6,131.35,100.15,43.75,275.25,105.25,81.15,44.6,231,76.15,56,39.25,171.4,118.05,87.55,49.95,1.071,0.721553374,0.142358185
CFPC6,700_28_2,673_28,673,28,T90,F,P,700,28,PC_F,11.821,77712.60997,0.247,22.97216,336.95,145.25,109.3,33.65,288.2,105.35,77.9,26.15,209.4,129.95,100.4,46.65,277,84.1,59.5,35.3,178.9,161.95,125.4,49.6,1.066,0.210635152,0.06152616
CFPC8,2800_28_2,3285_28,3285,28,T90,F,P,2800,28,PC_F,10.075,483557.2024,0.389,88.03072,207.2,157.35,121.1,24.25,302.7,185.3,152.05,65.7,403.05,185.25,151.3,61.8,398.35,123.6,91.8,32,247.4,104.15,76.45,26.6,-0.725,0.549909199,0.137596669
CFPD1,280_31_2,311_31,311,31,T90,F,P,280,31,PD_F,12.425,0,0.537,29.46048,438.5,84.15,56,15.4,155.55,124.25,90.2,30.5,244.95,176.15,135.65,60.1,371.9,195.8,163.55,88.2,447.55,188.65,162.45,87.4,-0.159,0.277480912,0.069706844
CFPD11,2800_28_2,3285_28,3285,28,T90,F,P,2800,28,PD_F,7.24,1678176.796,0.587,56.1152,273.8,95.75,65.3,17.1,178.15,77.1,51.25,17,145.35,101.8,70.7,28.8,201.3,113.8,83.25,29.1,226.15,135.4,105.35,33.05,-0.514,0.97907,0.397779198
CFPD2,280_28_2,288_28,288,28,T90,F,P,280,28,PD_F,11.427,4637499.271,0.465,250.7648,142.15,89.1,58.05,6.7,153.85,101.5,71.7,25.95,199.15,118.25,82.5,26.7,227.45,81.6,54.4,18.6,154.6,72.05,48.95,21.15,1.208,0.839582617,0.221084052
CFPD5,700_31_2,701_31,701,31,T90,F,P,700,31,PD_F,8.533,6563.012735,0.21,6.523392,463.85,103.45,67.3,15.65,186.4,124.05,89.8,30.2,244.05,165,127.85,55.55,348.4,241.35,222.45,150.65,614.45,197.3,169.55,97,-1.127,0.278737256,0.010662833
CFPD6,400_28_2,447_28,447,28,T90,F,P,400,28,PD_F,8.239,2419127.761,0.376,135.904,177.2,NA,NA,NA,NA,109.9,74.75,32.55,217.2,100.3,66.2,22.25,188.75,80.25,51.35,16.45,148.05,94.05,63.15,20,1.068,0.796778617,0.030270381
CFPD7,2800_31_2,3309_31,3309,31,T90,F,P,2800,31,PD_F,11.931,672776.0393,0.206,12.029696,483.6,115.85,82.1,25.4,223.35,137.35,105.4,39.7,282.45,171.45,137.7,64.95,374.1,206.4,178.7,98.8,483.9,198.45,174.9,110.25,-0.888,0.270079639,0.096010272
CFPD8,2800_28_2,3285_28,3285,28,T90,F,P,2800,28,PD_F,7.965,1042102.62,0.435,26.12864,328.75,101,70.35,16.8,188.15,78.85,52.6,16.35,147.8,108.2,75.6,30.5,214.3,121.3,90.4,34.15,245.85,155.3,123.1,50.35,-0.201,0.955771111,1.043987613
CFPD9,700_28_2,673_28,673,28,T90,F,P,700,28,PD_F,7.055,576828.5768,0.248,13.85344,303.75,121.65,84.05,15.75,221.45,95.3,66.7,21.25,183.25,118.8,86.25,27.8,232.85,111.75,78.35,24.65,214.75,151.9,117,34.85,0.154,0.352749652,0.065683866
CFPE10,280_28_1,288_28,288,28,T90,F,P,280,28,PE_F,11.543,378400.231,0.398,25.4272,340,130.3,97.4,19.7,247.4,134.25,102.5,35.35,272.1,135.5,103.3,33.35,272.15,148,118.05,40.3,306.35,163.25,133.65,43.1,-1.232,0.443536529,0.382735528
CFPE12,700_28_2,673_28,673,28,T90,F,P,700,28,PE_F,13.964,332855.9152,0.048,20.69248,219.2,163.3,131.65,43.7,338.65,121.1,89.95,27.7,238.75,145.4,108.55,30.95,284.9,113.2,80.55,18.7,212.45,118.95,87.2,13.05,-0.059,0.130963256,0.011040476
CFPE13,400_28,447_28,447,28,T0,F,P,T0,T0,PE_F,8.785333333,1193261.496,0.389,6.04992,NA,NA,NA,NA,NA,NA,NA,NA,NA,NA,NA,NA,NA,NA,NA,NA,NA,NA,NA,NA,NA,0.627460006,0.081611545
CFPE14,280_28_2,288_28,288,28,T90,F,P,280,28,PE_F,8.052,1384930.656,0.411,107.8464,201,147.35,109.3,9.95,266.6,111.65,78.1,19.3,209.05,105.85,74.6,27.65,208.1,95.3,67,18.45,180.75,107.9,78.15,14.95,-0.39,0.43336822,0.277998049
CFPE2,280_28_3,288_28,288,28,T90,F,P,280,28,PE_F,10.804,741184.0928,0.227,30.33728,272.3,136.2,108.1,30.35,274.65,146.55,114,45.3,305.85,133.45,100,38.4,271.85,114.65,82,18.7,215.35,140,107.3,25,-0.945,0.28637787,0.087067659
CFPE40,2800_28_1,3285_28,3285,28,T90,F,P,2800,28,PE_F,9.408,775821.1388,0.252,33.84448,286.65,134.8,103.2,23.8,261.8,103.1,78.45,30.2,211.75,135.7,106.35,44.55,286.6,140.1,105.6,32.05,277.75,141.05,110.45,35.15,-0.912,0.370696471,NA
CFPE42,2800_28_1,3285_28,3285,28,T90,F,P,2800,28,PE_F,9.626,1302721.795,0.41,77.68448,288.8,165.2,129.15,23.25,317.6,121.1,88.5,27.5,237.1,131.15,101.65,43.25,276.05,102,77.45,33.85,213.3,132.95,109.05,46.8,0.089,0.599661849,0.015049067
CFPE6,700_28_3,673_28,673,28,T90,F,P,700,28,PE_F,10.186,1078868.999,0.282,51.20512,195.9,134.15,102.7,25.55,262.4,105.6,78.4,25.95,209.95,98.4,73.65,47.1,219.15,105.55,72.95,17.25,195.75,108.3,76.7,10.9,0.501,0.296192129,0.139318444
CFPE8,2800_28_3,3285_28,3285,28,T90,F,P,2800,28,PE_F,11.411,1009902.725,0.222,42.78784,266.35,157.75,121.6,33.3,312.65,94.5,66.5,21.45,182.45,122.85,91.2,30.95,245,119.75,90.35,27.05,237.15,131.55,101.3,33.5,-0.27,0.292174768,0.135297048
CFPF1,280_31_3,311_31,311,31,T90,F,P,280,31,PF_F,10.667,253112.3444,0.24,70.31936,398.55,99.35,69.3,9.55,178.2,123.15,92.2,29.75,245.1,172.55,138.75,49.8,361.1,180.3,145.7,58.4,384.4,178.65,151.6,68.3,0.323,0.454428344,0.101261598
CFPF2,280_28_3,288_28,288,28,T90,F,P,280,28,PF_F,11.07,768948.1767,0.275,31.91552,327.5,136.75,101.75,18.25,256.75,167.45,131.2,49.45,348.1,144,106.8,37.9,288.7,171.35,132.95,39.2,343.5,161.65,128.25,37.6,-0.7,0.292871548,0.144708576
CFPF6,700_28_3,673_28,673,28,T90,F,P,700,28,PF_F,11.765,493087.0354,0.139,11.345792,283.75,174.7,137.3,40.1,352.1,127.65,96.9,30.05,254.6,173.3,137.55,66.6,377.45,169.7,135.15,55.6,360.45,146.8,111.55,25.4,-0.171,0.222075191,0.178358814
CFPF7,2800_31_3,3309_31,3309,31,T90,F,P,2800,31,PF_F,12.335,116224.396,0.071,31.5648,314.35,152.8,120.2,31.65,304.65,150.9,121.95,51.4,324.25,211.15,181.45,100.05,492.65,215.2,190.15,99.9,505.25,140.25,113.85,60.25,-0.94,0.257079352,0.080168827
CFPF8,2800_28_3,3285_28,3285,28,T90,F,P,2800,28,PF_F,15.117,2192410.311,0.491,70.84544,256.85,178.65,144.45,42.95,366.05,129.8,97.3,31.55,258.65,147.15,109.05,39.45,295.65,140.05,104.95,31.15,276.15,124.1,94.65,38.1,-0.013,0.543351799,0.092627801
CFSA1,280_31_1,311_31,311,31,T90,F,S,280,31,SA_F,10.283,3880705.394,0.392,101.88416,93.3,148.2,96.2,41.5,285.9,176.1,122.3,57.1,355.5,111.8,60.2,18.4,190.4,75.6,39.6,19.7,134.9,48.8,27.1,17.4,0.752,0.762917605,1.191960831
CFSA10,2800_28_1,3285_28,3285,28,T90,F,S,2800,28,SA_F,6.446,1833169.571,0.491,34.37056,147.1,119.7,62.8,24,206.5,111.8,63.9,30.3,206,102.5,59.1,33.5,195.1,96.9,60.9,40,197.8,76.8,42.4,27.9,-0.056,0.789759019,0.15873714
CFSA14,280_28_1,288_28,288,28,T90,F,S,280,28,SA_F,4.661,1645998.713,0.617,37.52704,142.3,NA,NA,NA,NA,134.4,79.7,30,244.1,137.3,88,34.5,259.8,71.1,37.7,17.8,126.6,74.8,42,25.5,0.957,0.575092154,0.403725568
CFSA2,400_28_1,447_28,447,28,T90,F,S,400,28,SA_F,8.3,2284727.521,0.235,127.83744,146.6,NA,NA,NA,NA,130.8,69.8,26.5,227.1,122.8,71.4,29.4,223.6,68.8,37.2,19.4,125.4,80.9,43.8,21.9,1.093,0.732976545,0.166935082
CFSA3,400_31_1,405_31,405,31,T90,F,S,400,31,SA_F,10.181,2500753.012,0.51,56.64128,170.5,121.1,64.7,28.9,214.7,125.9,72.5,42,240.4,162.5,102.3,61.9,326.7,102.4,54.6,25.3,182.3,98.3,50.4,21.8,0.182,1.066264257,0.296366044
CFSA5,700_31_1,701_31,701,31,T90,F,S,700,31,SA_F,8.918,2940978.582,0.542,94.86976,142.2,166.1,109.3,36.9,312.3,133.2,80.4,39.2,252.8,82.7,44.8,17.5,145,75.4,43.8,26.9,146.1,74.8,41.2,26.2,1.692,0.726645718,0.166499315
CFSA6,700_28_1,673_28,673,28,T90,F,S,700,28,SA_F,9.068,2834583.15,0.655,53.66016,142.1,145.7,90.3,32.2,268.2,95.3,49.5,19.2,164,96.9,54.9,23.7,175.5,64.6,35,20.4,120,80.4,43,18.7,0.414,1.572581353,0.438758521
CFSA7,2800_31_1,3309_31,3309,31,T90,F,S,2800,31,SA_F,8.812,262132.6172,0.208,14.37952,196.9,152,90.7,40.9,283.6,132.4,77,56.3,265.7,99.3,57.4,40.3,197,105.9,60.3,47.7,213.9,99.8,52,45.1,-0.012,0.533037126,0.131249652
CFSA9,400_28,447_28,447,28,T0,F,S,T0,T0,SA_F,8.170666667,1312500,0.398,17.66752,NA,NA,NA,NA,NA,NA,NA,NA,NA,NA,NA,NA,NA,NA,NA,NA,NA,NA,NA,NA,NA,0.605160317,0.005592858
CFSB1,280_31_1,311_31,311,31,T90,F,S,280,31,SB_F,12.31,2719542.907,0.607,169.39776,93.2,121.4,67.3,22,210.7,66.2,34,14,114.2,73.8,38.6,18.9,131.3,70.7,39,21,130.7,50.6,27.4,15.2,0.732,0.910510653,0.482782542
CFSB10,400_31_1,405_31,405,31,T90,F,S,400,31,SB_F,11.296,2612683.33,0.336,108.19712,146.5,100.3,52.1,18.4,170.8,60.1,29.6,13.7,103.4,91.9,53.8,25.4,171.1,75,40.1,23.3,138.4,77.2,44.7,24.6,1.609,0.29464951,0.481506989
CFSB13,400_28_1,447_28,447,28,T90,F,S,400,28,SB_F,12.975,3897341.04,0.493,192.896,118.5,NA,NA,NA,NA,67.9,32.4,14.2,114.5,54.4,27.2,15.5,97.1,44.2,24.3,15.1,83.6,61.8,34.7,22,1.139,0.606618176,0.323750181
CFSB2,280_28_1,288_28,288,28,T90,F,S,280,28,SB_F,10.805,4084531.375,0.435,163.26016,91.1,110.7,57.9,10.8,179.4,55.8,28.3,11.1,95.2,67.6,34.9,17.8,120.3,42.4,24.9,16,83.3,44.3,27.3,19.5,1.122,1.444916782,0.285145162
CFSB3,2800_28_1,3285_28,3285,28,T90,F,S,2800,28,SB_F,9.702,792716.0282,0.245,35.77344,117.4,NA,NA,NA,NA,103,54.3,24.3,181.6,55.3,27.5,16.6,99.4,63.8,36.9,25.5,126.2,61.9,33.5,22,-0.271,0.493512154,0.197784221
CFSB5,700_31_1,701_31,701,31,T90,F,S,700,31,SB_F,11.185,2867683.872,0.62,113.63328,118.6,148.5,89.2,28.8,266.5,59.3,29.1,9.6,98,67.9,39,20.1,127,73,39.9,20.8,133.7,66.9,34.5,17.2,1.359,1.429475617,0.181478755
CFSB6,700_28_1,673_28,673,28,T90,F,S,700,28,SB_F,12.153,2322325.837,0.309,75.75552,109,143.7,87.6,40.2,271.5,83,44.4,21.3,148.7,68.5,37.5,18.8,124.8,65,35.7,21.6,122.3,60.7,31.9,16.4,1.289,2.974550933,0.11862404
CFSB6,700_28_1,673_28,673,28,T90,F,S,700,28,SB_F,12.153,2322325.837,0.309,75.75552,109,143.7,87.6,40.2,271.5,83,44.4,21.3,148.7,68.5,37.5,18.8,124.8,65,35.7,21.6,122.3,60.7,31.9,16.4,1.289,1.017685861,0.11862404
CFSB7,2800_31_1,3309_31,3309,31,T90,F,S,2800,31,SB_F,11.199,303351.39,0.208,36.47488,144.8,131.8,73.6,34.7,240.1,78,43.4,29,150.4,57.8,31.4,22,111.2,66.2,34.9,27.8,128.9,75.8,38.8,30.2,-0.109,0.488145103,0.039124817
CFSB9,400_28,447_28,447,28,T0,F,S,T0,T0,SB_F,11.544,1426130.457,0.525,59.44704,NA,NA,NA,NA,NA,NA,NA,NA,NA,NA,NA,NA,NA,NA,NA,NA,NA,NA,NA,NA,NA,1.034981647,0.017036364
CFSC11,400_28,447_28,447,28,T0,F,S,T0,T0,SC_F,9.465666667,2419762.651,0.669,10.69696,NA,NA,NA,NA,NA,NA,NA,NA,NA,NA,NA,NA,NA,NA,NA,NA,NA,NA,NA,NA,NA,1.261600217,0.165972467
CFSC14,400_28_2,447_28,447,28,T90,F,S,400,28,SC_F,10.229,5088373.306,1.181,226.2144,138.5,NA,NA,NA,NA,81.9,42.4,16.7,141,82.9,45,17.2,145.1,45.3,25.1,15.1,85.5,73.1,41.3,24.1,1.434,2.93814537,0.828035019
CFSC2,280_28_2,288_28,288,28,T90,F,S,280,28,SC_F,8.893,2082386.896,0.413,139.58656,111.3,104.9,54,15,173.9,107.5,63.5,38.3,209.3,88.8,47.6,23.1,159.5,61.7,33.3,19.7,114.7,58.1,32.4,20.8,1.095,0.897092607,0.363216171
CFSC5,700_31_2,701_31,701,31,T90,F,S,700,31,SC_F,9.915,1554009.077,0.673,149.9328,137.4,122.6,64.1,18.9,205.6,109.9,57.6,26.1,193.6,82.4,43.8,21.7,147.9,94,53.2,29.4,176.6,72.4,40.2,24.8,1.41,1.006043248,0.540651476
CFSC6,700_28_2,673_28,673,28,T90,F,S,700,28,SC_F,8.956,2698202.389,0.558,54.53696,134.2,139.2,82.3,36.3,257.8,64.9,31.5,14.1,110.5,72.1,39,18.8,129.9,68.6,38.7,23.1,130.4,73,41.4,19.8,0.969,0.788621433,0.484896973
CFSC7,2800_31_2,3309_31,3309,31,T90,F,S,2800,31,SC_F,9.433,4775265.018,0.777,94.6944,183.3,141.8,83.1,42.4,267.3,109.1,65.7,50.7,225.5,119.3,76.8,61.9,258,114.8,69.9,52.3,237,84.1,54.2,45,0.448,0.835033542,0.361894209
CFSC9,2800_28_2,3285_28,3285,28,T90,F,S,2800,28,SC_F,9.262,1591664.867,0.474,50.67904,211.3,136.2,78.2,35,249.4,79.9,40.3,15.9,136.1,69.2,38.6,18.1,125.9,138.9,95.4,52.7,287,107.6,66.7,37,-0.625,1.784866966,0.793757978
CFSD1,280_31_2,311_31,311,31,T90,F,S,280,31,SD_F,10.682,3313113.158,0.476,31.74016,115.2,129.5,76.7,33.8,240,75.9,40.6,14.4,130.9,59.2,31.1,11.5,101.8,52.3,29.1,17.4,98.8,60.8,34.6,19.8,2.192,0.922135567,0.155171079
CFSD11,280_28_2,288_28,288,28,T90,F,S,280,28,SD_F,10.905,3300513.542,0.544,166.592,114.6,100.6,51.1,4.6,156.3,88.4,46,21.7,156.1,124.3,76.7,32.5,233.5,83.6,45.6,20.2,149.4,62.2,34.2,18.2,0.37,1.563925338,0.204405955
CFSD12,400_28,447_28,447,28,T0,F,S,T0,T0,SD_F,9.394333333,2264769.542,0.472,43.84,NA,NA,NA,NA,NA,NA,NA,NA,NA,NA,NA,NA,NA,NA,NA,NA,NA,NA,NA,NA,NA,1.179693974,0.029463524
CFSD3,400_31_2,405_31,405,31,T90,F,S,400,31,SD_F,10.206,526748.9712,0.016,11.451008,117.1,160.8,113.1,39.4,313.3,112.5,71,32.8,216.3,105.6,63.8,23.2,192.6,46.9,25.8,14.5,87.2,60.4,34.8,21.9,2.224,0.106281188,0.138480215
CFSD4,280_28_3,288_28,288,28,T90,F,S,280,28,SD_F,11.381,3788881.729,0.37,171.8528,113.8,NA,NA,NA,NA,141.7,87,34.1,262.8,93,52.9,19.5,165.4,49.8,29.4,19.7,98.9,58.5,34,21.3,2.135,0.824434139,0.193745536
CFSD5,700_31_2,701_31,701,31,T90,F,S,700,31,SD_F,12.59,2265441.741,0.367,20.48424,136.5,136.4,84.9,23.2,244.5,89.3,50.8,22.7,162.8,68.4,41.3,19.5,129.2,91.7,52.5,23.5,167.7,72.9,41.9,21.7,1.519,0.704343001,0.131656525
CFSD6,700_28_2,673_28,673,28,T90,F,S,700,28,SD_F,9.677,3504581.467,0.537,135.55328,107.1,160.8,101,36.9,298.7,92.9,48.4,19.4,160.7,95.9,52.2,24.7,172.8,87.4,52.9,28.5,168.8,57,32,18.1,2.086,1.089396664,0.442370181
CFSD7,2800_31_2,3309_31,3309,31,T90,F,S,2800,31,SD_F,11.137,2031487.579,0.464,45.94432,135.7,177.7,119.9,57.9,355.5,96.7,52.2,22.6,171.5,112.8,71.3,33.8,217.9,84.2,52.5,28.4,165.1,79.5,41.9,14.3,1.413,0.83879909,0.255688463
CFSD8,2800_28_2,3285_28,3285,28,T90,F,S,2800,28,SD_F,8.568,1647122.904,0.479,43.84,158.3,158.4,97.6,37.4,293.4,111.7,65.1,31.3,208.1,101.3,57,27.8,186.1,89.5,54,28.3,171.8,86.4,53.2,18.7,0.822,0.787667422,1.228049398
CFSD9,400_28_2,447_28,447,28,T90,F,S,400,28,SD_F,11.455,3777323.517,0.507,177.1136,122.8,NA,NA,NA,NA,92.6,49.7,17.4,159.7,97.9,57.4,26.6,181.9,64,37.5,20.2,121.7,63.9,35.8,23.1,2.397,0.611991971,0.280146555
CFSE1,280_31_3,311_31,311,31,T90,F,S,280,31,SE_F,8.451,812842.6616,0.335,60.84992,187.7,112.9,59.7,9.5,182.1,116.7,68.5,33.5,218.7,111.4,64.6,27.4,203.4,98.1,55.3,24,177.4,105.3,57.7,24.7,0.794,NA,0.634875654
CFSE11,400_28_3,447_28,447,28,T90,F,S,400,28,SE_F,1.88,1685106.383,0.133,39.28064,211.1,NA,NA,NA,NA,75,37.6,13.9,126.5,106.7,62,21.2,189.9,79.4,40.8,18.5,138.7,110.7,63.5,36.9,1.136,1.723776178,1.195920811
CFSE3,400_31_3,405_31,405,31,T90,F,S,400,31,SE_F,9.104,2696836.555,0.368,53.4848,126.8,161.6,101.8,42,305.4,150.4,95.5,60.7,306.6,138.3,80.3,36.5,255.1,60.4,28.9,11.1,100.4,73.5,35.8,17.5,0.046,0.290899865,0.309552966
CFSE5,700_31_3,701_31,701,31,T90,F,S,700,31,SE_F,9.119,195423.3075,0.252,34.01984,409.6,162.3,106.3,37.3,305.9,108,59.3,22.5,189.8,132.4,80.2,36.5,249.1,170.7,113,82.7,366.4,188.8,123.3,97.5,-0.148,1.091165697,0.207869605
CFSE6,700_28_3,673_28,673,28,T90,F,S,700,28,SE_F,8.178,1125259.854,0.554,39.28064,214.5,145.9,92.9,38.8,277.6,152,99.8,61.7,313.5,130.3,79.2,32.3,241.8,101.8,59.8,32.5,194.1,113.1,68.3,33.1,1.022,1.43957891,0.551723309
CFSE7,2800_31_3,3309_31,3309,31,T90,F,S,2800,31,SE_F,8.936,43979.40913,0.256,12.205056,358.6,160.2,105.2,48.1,313.5,154.3,100.3,70.4,325,173,108.2,72.6,353.8,176.1,116.7,109.2,402,162.4,86.7,109.5,-0.337,0.986355952,0.260763662
CFSE8,2800_28_3,3285_28,3285,28,T90,F,S,2800,28,SE_F,6.848,520663.9731,0.189,5.006528,274.7,120.7,66.7,20.4,207.8,95.2,52.9,24,172.1,125.8,77.9,35.9,239.6,115.8,74.4,48.2,238.4,128.5,86.2,60,-0.418,0.70649591,0.22765247
CFSE9,400_28,447_28,447,28,T0,F,S,T0,T0,SE_F,9.466666667,1325070.423,0.335,25.25184,NA,NA,NA,NA,NA,NA,NA,NA,NA,NA,NA,NA,NA,NA,NA,NA,NA,NA,NA,NA,NA,0.764934434,0.016828354
CFSF11,400_28_3,447_28,447,28,T90,F,S,400,28,SF_F,10.117,4953083.817,0.752,173.6064,126.8,NA,NA,NA,NA,90.2,41.6,12.6,144.4,100.5,55.8,20.8,177.1,50.4,27.1,18.5,96,70.6,36.8,19.4,1.924,1.291746264,0.363136683
CFSF16,2800_28_3,3285_28,3285,28,T90,F,S,2800,28,SF_F,11.373,1759078.519,0.304,31.74016,209.2,147.2,85.8,43.1,276.1,122.2,68.9,31.4,222.5,94.7,51.4,25.9,172,83,48.5,26.6,158.1,109.6,63.1,36.5,0.74,1.001629573,0.144050305
CFSF2,280_28_3,288_28,288,28,T90,F,S,280,28,SF_F,10.837,5573818.898,0.531,120.29696,100.3,107.9,50.1,9.2,167.2,95.9,47.7,19.1,162.7,65.5,33.2,13.7,112.4,42.1,24.1,18.5,84.7,49,30,21.3,1.999,1.10598236,0.272736172
CFSF3,400_31_3,405_31,405,31,T90,F,S,400,31,SF_F,7.627,6266433.566,1.178,192.896,132.4,123.8,70.1,27.1,221,135.9,76,44,255.9,122.5,66.3,34.2,223,45.4,25.3,16.3,87,68.2,38.9,25.3,1.556,2.507100293,1.340891815
CFSF5,700_31_3,701_31,701,31,T90,F,S,700,31,SF_F,9.508,2923993.83,0.492,119.94624,140.6,118.4,58.4,13.9,190.7,78.5,39.8,17.4,135.7,75.5,39.5,18.3,133.3,61.6,35.8,23.8,121.2,73.2,41.8,25.6,0.986,1.134059784,0.447288291
CFSF6,700_28_3,673_28,673,28,T90,F,S,700,28,SF_F,10.336,5122972.232,0.135,147.47776,135.8,121.3,62.9,20.3,204.5,128.2,69.4,27.6,225.2,118.2,68.6,31.6,218.4,60.4,33,18.8,112.2,69.8,40.6,25.4,1.526,0.540083469,1.107838182
CFSF7,2800_31_3,3309_31,3309,31,T90,F,S,2800,31,SF_F,11.597,1542380.432,0.589,49.62688,117.9,155.9,94.6,48.6,299.1,144.8,85.9,49.6,280.3,117.6,68.8,41.2,227.6,106.9,63.5,40.9,211.3,69.1,34.9,13.9,0.902,0.383356681,0.521294708
CFTA11,400_28,447_28,447,28,T0,F,T,T0,T0,TA_F,11.28675,1687926.108,0.399,10.416384,NA,NA,NA,NA,NA,NA,NA,NA,NA,NA,NA,NA,NA,NA,NA,NA,NA,NA,NA,NA,NA,1.228451124,0.034654321
CFTA2,280_28_1,288_28,288,28,T90,F,T,280,28,TA_F,32.06,1077854.024,0.12,109.42464,244.9,86.4,48.5,7.7,142.6,94.9,60.45,25.35,180.7,147,95.1,39.7,281.8,138.05,85.8,42.45,266.3,128.95,82.4,33.55,0.112,0.268257047,0.077432767
CFTA6,700_28_1,673_28,673,28,T90,F,T,700,28,TA_F,17.827,313451.2546,0.021,33.49376,456.3,143.4,96.5,29.1,269,113.25,69.65,28.7,211.6,162.55,110.8,53,326.35,107.85,66.25,33.25,207.35,194,169.8,92.5,-0.043,0.134426011,0.104229276
CFTA8,2800_28_1,3285_28,3285,28,T90,F,T,2800,28,TA_F,18.647,1498552.072,0.08,39.98208,184,118.9,77.3,23.5,219.7,93.15,55.45,23.25,171.85,105.9,64.1,30.1,200.1,92.15,59.45,29.5,181.1,93.3,63.2,27.5,-0.259,0.292448871,0.083297082
CFTB10,400_28,447_28,447,28,T0,F,T,T0,T0,TB_F,14.39275,217887.4781,0.289,134.50112,NA,NA,NA,NA,NA,NA,NA,NA,NA,NA,NA,NA,NA,NA,NA,NA,NA,NA,NA,NA,NA,0.937334525,0.076700524
CFTB2,280_28_1,288_28,288,28,T90,F,T,280,28,TB_F,23.661,757364.4394,0.077,56.992,227.5,78.1,44.5,14.4,137,129.05,77.6,31.55,238.2,157.65,96.05,45,298.7,141.75,80.6,36,258.35,125.85,69.5,32.15,0.074,0.201948781,0.069175642
CFTC8,400_28,447_28,447,28,T0,F,T,T0,T0,TC_F,11.2615,1261821.249,0.196,24.37504,NA,NA,NA,NA,NA,NA,NA,NA,NA,NA,NA,NA,NA,NA,NA,NA,NA,NA,NA,NA,NA,0.522391459,0.031115163
CFTD1,400_28_2,447_28,447,28,T90,F,T,400,28,TD_F,20.389,526419.0426,0.065,43.66464,296.9,NA,NA,NA,NA,108.6,62.15,24.9,195.65,139.6,83.65,32.8,256.05,116.2,69.9,32.05,218.15,150.3,101.95,44.65,0.107,0.187972705,0.030044281
CFTD12,400_28,447_28,447,28,T0,F,T,T0,T0,TD_F,5.153333333,315135.8344,0.105,17.18528,NA,NA,NA,NA,NA,NA,NA,NA,NA,NA,NA,NA,NA,NA,NA,NA,NA,NA,NA,NA,NA,0.354890563,0.143082197
CFTD2,280_28_2,288_28,288,28,T90,F,T,280,28,TD_F,41.524,33041.39808,0.026,62.07744,212,120.4,81.4,35.6,237.4,110.85,65.55,36,212.4,136,86.5,43.95,266.45,95.75,57.7,25.4,178.85,104.1,71.2,36.7,0.037,0.077265022,0.034397534
CFTF15,400_28,447_28,447,28,T0,F,T,T0,T0,TF_F,21.89933333,530427.1058,0.237,83.47136,NA,NA,NA,NA,NA,NA,NA,NA,NA,NA,NA,NA,NA,NA,NA,NA,NA,NA,NA,NA,NA,0.64817277,0.017701023
CFTF2,400_28_3,447_28,447,28,T90,F,T,400,28,TF_F,21.864,758129.6785,0.101,78.21056,227.85,NA,NA,NA,NA,103.7,56.15,16.9,176.75,114.95,65.5,37.65,218.1,89.35,51,25.85,166.2,112.8,74.9,40.15,0.145,0.252226425,0.093072976
CNAA13,400_28,447_28,447,28,T0,N,A,T0,T0,AA_N,7.16,1942981.844,0.358,10.82848,NA,NA,NA,NA,NA,NA,NA,NA,NA,NA,NA,NA,NA,NA,NA,NA,NA,NA,NA,NA,NA,1.360746142,0.056703653
CNAA14,700_28_1,673_28,673,28,T90,N,A,700,28,AA_N,12.178,9913820.003,0.216,40.3328,376,164.9,124.6,9.8,299.3,103.8,71.8,12.7,188.3,119.3,79.1,17.1,215.5,148.9,109.9,32.2,291,181,151.7,43.3,-0.43,0.901083747,0.166728627
CNAA2,280_28_1,288_28,288,28,T90,N,A,280,28,AA_N,12.034,2289236.053,0.227,116.96512,153.8,124.9,88.4,0.4,213.7,150.1,118,29,297.1,116.3,71.8,13.6,201.7,60.5,34,16.5,111,82.7,52,19.1,0.404,0.735641894,0.137564829
CNAA3,400_31_1,405_31,405,31,T90,N,A,400,31,AA_N,10.905,2219783.579,0.182,35.072,338.1,NA,NA,NA,NA,84.5,52.3,7.9,144.7,110.8,72.2,10.8,193.8,82.9,47.4,6.6,136.9,168.7,132.6,36.8,-0.063,1.149691384,0.454603859
CNAA5,700_31_1,701_31,701,31,T90,N,A,700,31,AA_N,10.874,7417369.179,0.192,42.43712,520.2,118.3,83.6,0.9,202.8,85.8,55.3,16.6,157.7,109.3,71.1,9,189.4,166.9,135,48.1,350,222.6,202.5,95.1,0.04,0.697498693,0.14703595
CNAA6,400_28_1,447_28,447,28,T90,N,A,400,28,AA_N,8.667,1853159.494,0.215,37.35168,305.9,NA,NA,NA,NA,126.2,85.3,18.5,230,109.7,72,13.5,195.2,115.8,81,14.2,211,152,116.9,37,-0.215,1.225392852,0.209017022
CNAA7,2800_31_1,3309_31,3309,31,T90,N,A,2800,31,AA_N,11.976,1739527.375,0.011,5.979776,288.6,183.5,145.8,21.9,351.2,143.1,111.7,28.7,283.5,197.6,177.9,91.7,467.2,212.5,204.5,113.7,530.7,126.5,116.7,45.4,-0.231,0.093666343,0.050063495
CNAA9,2800_28_1,3285_28,3285,28,T90,N,A,2800,28,AA_N,10.005,11365292.35,0.082,15.326464,312.5,105.6,66,1.1,172.7,85.2,55,13,153.2,80,51.2,15.5,146.7,109,76.8,27,212.8,159.6,121.8,31.1,0.002,0.544413479,0.177817108
CNAB10,280_28_1,288_28,288,28,T90,N,A,280,28,AB_N,9.038,5812790.44,0.077,43.13856,316.9,107.9,79.4,11,198.3,159.2,129.4,72.8,361.4,186.6,149.6,70.3,406.5,155.7,126.8,50.3,332.8,131.4,114.2,71.3,-0.11,0.403344984,0.266095894
CNAB11,400_31_1,405_31,405,31,T90,N,A,400,31,AB_N,7.304,5403861.074,0.048,44.36608,277.3,124.4,94.9,16.5,235.8,112.7,70.6,3.8,187.1,110.1,74.9,40.5,225.5,106.1,85.9,43,235,119.2,103.8,54.3,0.032,0.422090723,0.146710404
CNAB12,2800_28_1,3285_28,3285,28,T90,N,A,2800,28,AB_N,6.944,14601346.49,0.036,39.456,348.3,NA,NA,NA,NA,158.9,120.3,39.7,318.9,171.7,146.7,86.5,404.9,156.4,137.1,78.4,371.9,143.1,132.8,72.4,-1.377,0.452317792,0.342849785
CNAB13,280_31_1,311_31,311,31,T90,N,A,280,31,AB_N,12.161,15803530.31,0.291,308.6336,163.2,88.3,56.9,12.3,157.5,125.9,89.5,30.9,246.3,167.3,139.5,70.9,377.7,119,100.2,30.3,249.5,82.9,70.7,9.6,0.045,0.764231976,0.466395095
CNAB19,400_28_1,447_28,447,28,T90,N,A,400,28,AB_N,6.617,22169471.03,0.125,37.87776,461.5,NA,NA,NA,NA,138,100,38.6,276.6,180.7,144.7,70.1,395.5,124.2,105.6,53.1,282.9,187,172.7,101.8,-0.085,0.439809928,0.276608503
CNAB9,400_28,447_28,447,28,T0,N,A,T0,T0,AB_N,9.5,1485473.684,0.281,52.608,NA,NA,NA,NA,NA,NA,NA,NA,NA,NA,NA,NA,NA,NA,NA,NA,NA,NA,NA,NA,NA,1.122135651,NA
CNAC1,280_31_2,311_31,311,31,T90,N,A,280,31,AC_N,8.864,6043184.946,0.31,146.07488,153.9,96.9,63,8.2,168.1,59.6,32.1,10.2,101.9,69,40.2,8.9,118.1,74.4,44.3,13.4,132.1,90.7,52,11.2,0.936,1.179811153,0.556131229
CNAC12,400_28_2,447_28,447,28,T90,N,A,400,28,AC_N,6.932,4475498.918,0.589,73.47584,169.6,NA,NA,NA,NA,78.8,45.5,15,139.3,101.3,66.2,22.7,190.2,60.3,34.6,14.8,109.7,87.9,54.5,27.2,1.129,1.369044391,0.129286572
CNAC2,280_28_2,288_28,288,28,T90,N,A,280,28,AC_N,11.649,6337917.418,0.275,64.70784,230.3,126.7,91.1,13.9,231.7,78.5,52.2,10.5,141.2,73.2,43.2,15.1,131.5,79.2,45.6,14.5,139.3,125,82.7,22.6,-0.045,1.105753094,0.094934623
CNAC3,400_31_2,405_31,405,31,T90,N,A,400,31,AC_N,8.534,4016248.096,0.404,36.47488,291.3,121.2,86.2,14.7,222.1,79.6,49.8,10.1,139.5,111.3,73.6,14.6,199.5,76.2,45.6,11,132.8,148.8,105.2,37.3,0.538,1.665821071,0.304035381
CNAC5,700_31_2,701_31,701,31,T90,N,A,700,31,AC_N,9.56,11201255.23,0.122,90.48576,537.5,133,94,16.4,243.4,102,69.9,19.9,191.8,114.1,74.8,22.6,211.5,176.9,137,65.8,379.7,221.2,183.6,132.7,-0.009,0.656680212,0.209647969
CNAC6,700_28_2,673_28,673,28,T90,N,A,700,28,AC_N,10.235,2880797.29,0.098,14.55488,541.8,120,83.9,12.4,216.3,81,51.6,13.3,145.9,125.1,81,30.5,236.6,149.2,121.3,56.8,327.3,224,195.2,122.6,-0.237,0.473116079,0.100269208
CNAC8,2800_28_2,3285_28,3285,28,T90,N,A,2800,28,AC_N,10.829,11987810.51,0.087,30.16192,425.4,166.1,127.7,21.1,314.9,81.5,50.7,10,142.2,81.9,51.4,24.3,157.6,172.5,140,78.7,391.2,180.1,154,91.3,-0.513,0.401492764,0.187066501
CNAC9,400_28,447_28,447,28,T0,N,A,T0,T0,AC_N,9.716333333,1358743.01,0.27,77.1584,NA,NA,NA,NA,NA,NA,NA,NA,NA,NA,NA,NA,NA,NA,NA,NA,NA,NA,NA,NA,NA,0.950007658,0.089511833
CNAD10,280_28_2,288_28,288,28,T90,N,A,280,28,AD_N,11.882,8140320.364,0.109,61.02528,456.1,105.2,63,4.6,172.8,190.7,162.1,94.5,447.3,209.2,180.4,101.7,491.3,227.9,209.3,130.2,567.4,184.6,166.7,104.8,-0.478,0.468527916,0.053005147
CNAD12,400_28,447_28,447,28,T0,N,A,T0,T0,AD_N,10.35566667,856213.9891,0.117,3.577344,NA,NA,NA,NA,NA,NA,NA,NA,NA,NA,NA,NA,NA,NA,NA,NA,NA,NA,NA,NA,NA,0.56932635,0.082018976
CNAD3,400_31_2,405_31,405,31,T90,N,A,400,31,AD_N,12.839,3103120.619,0.09,35.24736,154.8,164.4,130.7,25.5,320.6,161,130,59.7,350.7,141.2,90.7,32.4,264.3,83.8,54.8,25,163.6,72,57,25.8,0.314,0.318267399,0.075164294
CNAD5,700_31_2,701_31,701,31,T90,N,A,700,31,AD_N,12.119,1501499.024,0.059,173.6064,287.7,176.3,141.6,31.9,349.8,197.4,170.8,95.1,463.3,181,156.7,99.5,437.2,151.7,132.9,62.5,347.1,128.5,112.1,47.1,-0.109,0.292675637,0.135928012
CNAD6,700_28_2,673_28,673,28,T90,N,A,700,28,AD_N,11.062,1078318.517,0.068,29.46048,418.9,171.5,139.6,38.2,349.3,127,87.8,17.2,232,156.6,121.8,49.4,327.8,144.9,120.3,56.4,321.6,171.3,153.4,94.2,-0.535,0.359251324,0.051111536
CNAD7,2800_31_2,3309_31,3309,31,T90,N,A,2800,31,AD_N,12.793,2913961.124,0.068,35.072,299,164.9,132.1,31.7,328.7,168.8,135.2,58,362,208.7,190.1,111.3,510.1,NA,NA,NA,NA,129.3,117.2,52.5,-0.729,0.38552149,0.091840473
CNAD8,2800_28_2,3285_28,3285,28,T90,N,A,2800,28,AD_N,9.482,809112.0017,0.075,30.51264,464.4,183.6,151.6,46.8,382,145.6,117.6,54.5,317.7,153.8,117.1,38.6,309.5,189.8,157,79.8,426.6,187.2,168,109.2,-1.068,0.368570922,0.149582628
CNAD9,400_28_2,447_28,447,28,T90,N,A,400,28,AD_N,12.847,650718.6965,0.109,11.363328,599.8,NA,NA,NA,NA,205.7,181.4,113.1,500.2,209.6,174.9,82.3,466.8,189,157.8,76,422.8,235.8,216.4,147.6,-0.851,0.369486434,0.042117422
CNAE11,400_28_3,447_28,447,28,T90,N,A,400,28,AE_N,9.245,2453994.808,0.349,60.32384,286.3,NA,NA,NA,NA,138.6,95.8,24.9,259.3,111.4,71.1,15.4,197.9,89.7,52.4,20.3,162.4,146.1,105.6,34.6,-0.174,1.400424754,0.280117813
CNAE2,280_28_3,288_28,288,28,T90,N,A,280,28,AE_N,8.297,4805650.303,0.271,120.9984,311.7,198.8,170.5,40,409.3,232.2,209.1,122.7,564,175.9,133.3,53.3,362.5,97.3,58.4,17.9,173.6,156.4,115.9,39.4,-0.344,1.043531961,0.261546814
CNAE5,700_31_3,701_31,701,31,T90,N,A,700,31,AE_N,9.883,3407245.008,0.093,119.42016,265.3,99.7,70.2,5.3,175.2,139,99.4,23.5,261.9,153.6,111.5,30.7,295.8,196.9,167.1,72.8,436.8,125.1,106.8,33.4,-0.05,0.544042183,0.200636059
CNAE6,700_28_3,673_28,673,28,T90,N,A,700,28,AE_N,9.108,1959414.456,0.336,69.96864,198.4,129.9,97.8,9.4,237.1,131.3,104.7,44.3,280.3,94.6,62.5,19.7,176.8,67.8,36.1,13.7,117.6,109.6,69.3,19.5,-0.042,1.103879179,0.063102467
CNAE7,2800_31_3,3309_31,3309,31,T90,N,A,2800,31,AE_N,7.256,2423262.437,0.017,28.9344,147.5,204.1,176.2,52.8,433.1,135,76,12,223,169.8,159.7,77.5,407,213.8,205.3,119.5,538.6,68.7,57.6,21.2,-0.657,0.316422708,0.110939853
CNAE8,2800_28_3,3285_28,3285,28,T90,N,A,2800,28,AE_N,7.201,4702309.864,0.054,17.536,227.7,206,172.5,48.7,427.2,201.2,183.4,85.2,469.8,206.4,188.1,100.8,495.3,161.3,142.4,63.4,367.1,99.6,88.9,39.2,-1.433,0.629838912,0.161610104
CNAE9,400_28,447_28,447,28,T0,N,A,T0,T0,AE_N,9.664,1705660.182,0.44,16.6592,NA,NA,NA,NA,NA,NA,NA,NA,NA,NA,NA,NA,NA,NA,NA,NA,NA,NA,NA,NA,NA,1.333993209,0.069598787
CNAF1,280_31_3,311_31,311,31,T90,N,A,280,31,AF_N,13.161,8017031.122,0.284,264.7936,120.3,98.3,64.2,0.3,162.8,62.3,39.7,8.3,110.3,90.1,63.7,10.4,164.2,95.2,60.5,9.6,165.3,72.4,42.3,5.6,1.286,1.056878591,0.330631771
CNAF10,400_28_3,447_28,447,28,T90,N,A,400,28,AF_N,7.282,4028885.328,0.343,67.68896,160.7,NA,NA,NA,NA,NA,NA,NA,NA,100.1,64.7,17.4,182.2,61.6,35.9,14.8,112.3,94.5,57.5,8.7,0.524,1.007612141,0.160705344
CNAF11,2800_28_3,3285_28,3285,28,T90,N,A,2800,28,AF_N,13.133,527336.413,0.152,19.99104,423.9,148.9,114.3,14,277.2,109.2,81.8,16.7,207.7,132.3,99.2,31.4,262.9,107.2,74.2,10.4,191.8,197.4,164.2,62.3,-0.083,0.749080332,0.221324125
CNAF5,700_31_3,701_31,701,31,T90,N,A,700,31,AF_N,11.216,739174.3692,0.104,34.37056,523.8,121.7,88.8,4.7,215.2,82.2,55.5,9.1,146.8,101.6,67.8,9.3,178.7,120.5,84.6,16.6,221.7,225.1,206.9,91.8,0.224,0.70310108,0.377226586
CNAF6,700_28_3,673_28,673,28,T90,N,A,700,28,AF_N,12.997,6973506.707,0.275,55.41376,392.1,146.1,110.6,14.8,271.5,95.9,68.6,6.1,170.6,62.3,38.9,9.5,110.7,118.4,85.4,30.6,234.4,192.4,155.8,43.9,0.655,0.85940171,0.249904944
CNAF7,2800_31_3,3309_31,3309,31,T90,N,A,2800,31,AF_N,10.895,2003686.819,0.028,25.4272,290,166.7,132.6,9.6,308.9,117.8,88.4,11.4,217.6,172.8,153.5,63.1,389.4,182.2,162.6,70.4,415.2,124.9,115.4,49.7,-0.713,0.255677325,0.119462545
CNAF9,400_28,447_28,447,28,T0,N,A,T0,T0,AF_N,10.11366667,2440460.103,0.358,42.26176,NA,NA,NA,NA,NA,NA,NA,NA,NA,NA,NA,NA,NA,NA,NA,NA,NA,NA,NA,NA,NA,1.569155731,0.075926834
CNPA1,400_28_1,447_28,447,28,T90,N,P,400,28,PA_N,9.378,696737.0441,0.116,58.7456,174,NA,NA,NA,NA,195.6,160.7,75.05,431.35,200.75,169.45,84.05,454.25,120.6,82.4,22.4,225.4,98.75,58.4,16.85,0.192,0.392744016,0.357290237
CNPA13,700_28_1,673_28,673,28,T90,N,P,700,28,PA_N,10.623,1419767.807,0.104,58.04416,216.9,179,134.85,18.05,331.9,147.3,104.25,12.9,264.45,134.65,93.6,15.1,243.35,148.7,107.65,27.45,283.8,123,80.85,13.05,-0.073,0.532566012,0.449720915
CNPA2,280_28_1,288_28,288,28,T90,N,P,280,28,PA_N,10.66,6183771.107,0.938,119.2448,52.88333333,118.85,81.55,5,205.4,132.6,96,23.9,252.5,105.85,71.55,17,194.4,79.3,46.55,11.95,137.8,87.8,52.85,18,2.261,0.89310526,0.574093148
CNPA6,2800_28_1,3285_28,3285,28,T90,N,P,2800,28,PA_N,13.452,1727072.234,0.357,140.98944,162.6,178.85,144.3,41.4,364.55,122.65,86.75,18.8,228.2,122.9,84.25,19.75,226.9,107.45,70.65,26.55,204.65,88.9,57.4,16.3,0.097,0.523778827,0.177114818
CNPA9,400_28,447_28,447,28,T0,N,P,T0,T0,PA_N,10.44766667,164821.4912,0.14,9.55712,NA,NA,NA,NA,NA,NA,NA,NA,NA,NA,NA,NA,NA,NA,NA,NA,NA,NA,NA,NA,NA,0.293315858,0.009172682
CNPB1,400_28_1,447_28,447,28,T90,N,P,400,28,PB_N,11.973,6027783.964,0.877,494.5152,229.5,NA,NA,NA,NA,140.6,100.85,45.65,287.1,103.65,67.9,23,194.55,69.65,50.4,30.6,150.65,98.35,78.9,52.25,1.786,1.01141762,0.161499282
CNPB2,280_28_1,288_28,288,28,T90,N,P,280,28,PB_N,13.278,2724223.634,0.428,299.8656,259.7,130.65,96.35,23.65,250.65,127.15,98.15,59.15,284.45,126.05,100.05,60.1,286.2,140.1,110.35,67.75,318.2,114.1,89.95,55.65,1.952,0.518472426,0.619031134
CNPB20,280_31_1,311_31,311,31,T90,N,P,280,31,PB_N,2.963,100247.5248,0.148,142.0416,167.55,NA,NA,NA,NA,201.35,166.25,69.55,437.15,120.85,81.5,38.1,240.45,86.75,69.1,29.35,185.2,75.25,65.4,26.9,0.418,1.219077669,0.283538576
CNPB3,400_31_1,405_31,405,31,T90,N,P,400,31,PB_N,12.758,51209.69849,0.039,31.91552,223.6,139.2,111.2,49.8,300.2,145.75,113.25,51.95,310.95,204.05,174.15,105.2,483.4,178.65,153.7,95.05,427.4,106.8,87.4,29.4,0.008,0.233860145,NA
CNPB6,700_28_1,673_28,673,28,T90,N,P,700,28,PB_N,11.874,3951826.17,0.442,162.208,242.3,153.6,126.6,64,344.2,133.55,112.55,68.15,314.25,125.2,99.45,66.6,291.25,166,134.95,90.65,391.6,112.05,84.85,45.4,0.834,0.49858375,0.294088286
CNPB7,2800_31_1,3309_31,3309,31,T90,N,P,2800,31,PB_N,11.55,615739.8055,0.292,25.07648,262.7,139.7,112.15,47.55,299.4,180.05,141.2,70.05,391.3,205.5,167.15,95.85,468.5,198.65,162.9,88.95,450.5,132.5,97.95,32.25,-0.993,0.331385947,0.041794518
CNPB8,2800_28_1,3285_28,3285,28,T90,N,P,2800,28,PB_N,10.855,2042992.261,0.737,153.44,338,132.35,104.3,58.8,295.45,111.45,91.95,69.55,272.95,112.05,86.85,59.5,258.4,111.55,92.45,62.4,266.4,145.3,120.75,71.95,1.505,0.788014694,0.269548423
CNPB9,400_28,447_28,447,28,T0,N,P,T0,T0,PB_N,11.17033333,2453373.519,0.47,6.31296,NA,NA,NA,NA,NA,NA,NA,NA,NA,NA,NA,NA,NA,NA,NA,NA,NA,NA,NA,NA,NA,0.450948388,0.046290774
CNPC10,400_28,447_28,447,28,T0,N,P,T0,T0,PC_N,10.55266667,3215869.606,0.32,9.6448,NA,NA,NA,NA,NA,NA,NA,NA,NA,NA,NA,NA,NA,NA,NA,NA,NA,NA,NA,NA,NA,1.120939875,0.054434134
CNPC6,700_28_2,673_28,673,28,T90,N,P,700,28,PC_N,9.106,28699.02628,0.078,15.08096,531.35,154.4,113.85,29.85,298.1,120.05,86.4,38.6,245.05,114.35,80.05,29.55,223.95,145.75,107.3,35.1,288.15,218,196.1,117.25,-0.78,0.370762133,0.007215866
CNPC8,2800_28_2,3285_28,3285,28,T90,N,P,2800,28,PC_N,8.709,574402.9394,0.048,11.451008,265,145.25,104.9,25.55,275.7,114.3,82.4,30.25,226.95,120.1,83.3,28.75,232.15,122,89.1,33.2,244.3,131.75,100.85,32.4,-1.068,0.212983282,0.017701608
CNPD1,280_31_2,311_31,311,31,T90,N,P,280,31,PD_N,11.375,87826.7495,0.401,72.7744,526.2,98.95,66.6,14.1,179.65,86.7,55.6,16.5,158.8,100.15,65.8,19.6,185.55,147.9,107,31.4,286.3,222,195,109.2,0.855,0.920766196,0.031026618
CNPD2,280_28_2,288_28,288,28,T90,N,P,280,28,PD_N,9.539,3054305.284,0.598,178.8672,133.75,103.8,68,7.45,179.25,93.5,63.45,21.3,178.25,93.65,64.15,25.4,183.2,53.85,34.75,26.95,115.55,66.95,41.9,24.9,2.606,1.262855208,0.08169322
CNPD2,280_28_2,288_28,288,28,T90,N,P,280,28,PD_N,9.539,3054305.284,0.598,178.8672,133.75,103.8,68,7.45,179.25,93.5,63.45,21.3,178.25,93.65,64.15,25.4,183.2,53.85,34.75,26.95,115.55,66.95,41.9,24.9,2.606,0.12086744,0.08169322
CNPD3,400_31_2,405_31,405,31,T90,N,P,400,31,PD_N,10.293,1820330.969,0.64,79.08736,265.6,97,61.45,15.45,173.9,90.2,58.2,17.65,166.05,185.4,144.8,49.5,379.7,122,84.15,15.15,221.3,137.85,103.6,24.15,0.453,0.797130708,0.301924947
CNPD5,700_31_2,701_31,701,31,T90,N,P,700,31,PD_N,9.488,932513.6132,0.22,43.31392,321.45,129.85,90.35,11.25,231.45,107.9,74.45,14.85,197.2,124.6,86.15,22.5,233.25,165.4,129.6,35.15,330.15,165.95,126.9,28.6,0.19,0.312522409,0.178312921
CNPD6,700_28_2,673_28,673,28,T90,N,P,700,28,PD_N,9.298,1318993.332,0.269,62.42816,165.25,130.75,91.3,21.6,243.65,85.6,54.85,13.65,154.1,89.85,59.9,22.35,172.1,83.85,58.25,37.6,179.7,90.35,53.15,21.75,0.779,0.245807422,0.017940048
CNPD7,2800_31_2,3309_31,3309,31,T90,N,P,2800,31,PD_N,9.259,866904.2733,0.369,16.6592,378.6,108.6,69.05,7.6,185.25,99.1,68.25,16.9,184.25,127.65,93.4,26.05,247.1,148.5,112.4,34.35,295.25,178.35,147.25,53,-0.35,0.488414587,0.096026682
CNPD8,2800_28_2,3285_28,3285,28,T90,N,P,2800,28,PD_N,10.323,1719655.139,0.371,151.51104,179.65,NA,NA,NA,NA,77.55,50.9,19.15,147.6,124.15,86.2,33.75,244.1,91.05,61.9,26,178.95,96.65,66.95,16.05,0.426,1.025642993,0.063956427
CNPD9,400_28,447_28,447,28,T0,N,P,T0,T0,PD_N,7.814333333,2357718.722,0.501,63.48032,NA,NA,NA,NA,NA,NA,NA,NA,NA,NA,NA,NA,NA,NA,NA,NA,NA,NA,NA,NA,NA,1.024084037,0.108692725
CNPE1,280_31_3,311_31,311,31,T90,N,P,280,31,PE_N,9.047,85919.76892,0.111,44.7168,394.85,91.6,59.9,6.25,157.75,111.8,77.8,24.25,213.85,113.9,78.3,29.25,221.45,126.15,93.95,33.3,253.4,177.3,146.95,70.6,0.297,0.39495021,0.393104129
CNPE10,400_28,447_28,447,28,T0,N,P,T0,T0,PE_N,10.709,1908612.693,0.479,127.5744,NA,NA,NA,NA,NA,NA,NA,NA,NA,NA,NA,NA,NA,NA,NA,NA,NA,NA,NA,NA,NA,1.103422649,0.175477048
CNPE12,2800_31_3,3309_31,3309,31,T90,N,P,2800,31,PE_N,10.657,240694.401,0.287,25.95328,298.3,160.15,116.2,45.8,322.15,139.65,109.25,41.9,290.8,146.35,113.25,52.35,311.95,153.85,125,58.55,337.4,134.25,110.3,53.75,-0.212,0.550122172,0.038722962
CNPE2,280_28_3,288_28,288,28,T90,N,P,280,28,PE_N,9.957,5641245.397,1.066,569.92,112,99.9,72.6,14.25,186.75,97.85,69.45,37.55,204.85,89.15,65.45,42.6,197.2,64.55,44.5,31,140.05,53.1,37.1,21.8,1.949,2.112518877,0.472568018
CNPE3,400_31_3,405_31,405,31,T90,N,P,400,31,PE_N,9.791,7626.310772,0.166,2.051712,367.9,125.2,93.75,29.4,248.35,125.65,91.5,37.1,254.25,195.65,161.55,91.05,448.25,198,172.3,104.3,474.6,157.25,135.75,74.9,-1.699,0.17680017,0.100143093
CNPE5,700_31_3,701_31,701,31,T90,N,P,700,31,PE_N,9.326,28023.11907,0.116,10.135808,351.9,125.3,88.65,25,238.95,100.2,73.55,27.5,201.25,114.7,80.35,30.4,225.45,153.5,116.15,54.55,324.2,153.15,131.4,67.35,-0.416,0.200776343,0.026126321
CNPE6,700_28_3,673_28,673,28,T90,N,P,700,28,PE_N,9.914,4679891.067,0.408,152.91392,144.9,151.4,112.65,33.35,297.4,120.45,92.55,43.4,256.4,134.2,97.5,25.45,257.15,91,67.25,44.55,202.8,66.75,48.25,29.9,1.464,0.814602062,0.123446606
CNPE8,2800_28_3,3285_28,3285,28,T90,N,P,2800,28,PE_N,9.476,720161.4605,0.488,71.0208,171.95,150.45,115.2,38.7,304.35,114.55,85.05,45.1,244.7,117,83.55,42.85,243.4,73.9,50.2,31.85,155.95,88.2,57.35,26.4,-0.04,0.587598314,0.316867231
CNPF1,280_31_3,311_31,311,31,T90,N,P,280,31,PF_N,10.141,18407.85226,0.123,134.32576,236.9,137,101.5,29.35,267.85,126.9,97.55,37.9,262.35,143.75,108.5,36.7,288.95,211,174.3,81.55,466.85,118.25,92.85,25.8,0.447,0.384740395,0.054272483
CNPF15,400_28,447_28,447,28,T0,N,P,T0,T0,PF_N,9.076,2394006.17,0.427,106.9696,NA,NA,NA,NA,NA,NA,NA,NA,NA,NA,NA,NA,NA,NA,NA,NA,NA,NA,NA,NA,NA,1.324968812,0.048705236
CNPF2,280_28_3,288_28,288,28,T90,N,P,280,28,PF_N,12.097,1961837.32,0.713,329.6768,134.45,129,99.45,25.85,254.3,127.5,96.95,38.95,263.4,119,81.6,35.6,236.2,90.1,63.05,33.2,186.35,69.8,47.25,17.4,2.526,0.893221343,0.469630998
CNPF6,700_28_3,673_28,673,28,T90,N,P,700,28,PF_N,9.59,3818282.934,0.707,180.6208,141.95,118.65,86.2,17.3,222.15,122.2,91.05,35.55,248.8,110.45,77.85,32.75,221.05,96.7,67,29.3,193,76,51.05,14.9,1.264,0.687502693,0.419912088
CNPF8,2800_28_3,3285_28,3285,28,T90,N,P,2800,28,PF_N,13.066,1321363.88,0.563,94.86976,217.25,165,136.3,62.7,364,151.2,123.35,62.15,336.7,164.3,133.35,72.55,370.2,140.15,108.05,43.6,291.8,106.6,80.35,30.3,0.709,0.584115589,0.357733665
CNSA1,280_31_1,311_31,311,31,T90,N,S,280,31,SA_N,9.448,2875780.561,0.503,154.14144,82.3,139.8,87.6,20.8,248.2,88.8,46.8,15.2,150.8,65.4,33.8,12.1,111.3,69.5,35.6,15.2,120.3,44.9,24.3,13.1,0.874,0.838577479,0.652615922
CNSA17,400_28_1,447_28,447,28,T90,N,S,400,28,SA_N,6.707,3262027.833,0.509,65.93536,87.5,NA,NA,NA,NA,120.4,78.8,37.1,236.3,98.2,52.4,17.5,168.1,52.6,27.7,16,96.3,51.1,26.3,10.1,0.325,0.791961735,0.204495442
CNSA18,2800_31_1,3309_31,3309,31,T90,N,S,2800,31,SA_N,8.888,533433.3396,0.319,16.48384,173.1,122.6,72.2,18.9,213.7,124.4,84.3,44,252.7,135,88.7,41,264.7,101.5,61.2,31.9,194.6,93.6,54.2,25.3,-0.048,0.6576292,0.155701026
CNSA5,700_31_1,701_31,701,31,T90,N,S,700,31,SA_N,8.813,2413117.482,0.392,102.93632,132,136.4,81.1,28.6,246.1,116.9,72.2,37.7,226.8,112.8,70.1,35.9,218.8,84.5,49.2,20.3,154,70.5,41.7,19.8,0.686,1.128466733,0.008701362
CNSA6,700_28_1,673_28,673,28,T90,N,S,700,28,SA_N,7.59,1706807.202,0.456,37.00096,93,112.4,59.7,17.5,189.6,77.8,40.9,22.3,141,94,55.1,33.5,182.6,85.5,52.7,30,168.2,53,27.9,12.1,0.551,0.827042626,0.21183664
CNSA7,2800_28_1,3285_28,3285,28,T90,N,S,2800,28,SA_N,7.103,1119474.425,0.405,33.14304,138.6,NA,NA,NA,NA,94.1,53.3,23,170.4,102.4,68.1,37.1,207.6,79.2,46,23.7,148.9,76.5,44.3,17.8,-0.204,0.558643827,0.205334835
CNSB1,280_31_1,311_31,311,31,T90,N,S,280,31,SB_N,11.196,1052282.133,0.28,68.56576,67.4,98.8,50.8,11,160.6,62.2,32.3,12,106.5,54.9,26.6,8.3,89.8,52.8,27.1,14.5,94.4,37.2,19.7,10.5,1.308,1.02575519,0.344775568
CNSB15,400_28,447_28,447,28,T0,N,S,T0,T0,SB_N,10.22766667,2233451.749,0.693,68.21504,NA,NA,NA,NA,NA,NA,NA,NA,NA,NA,NA,NA,NA,NA,NA,NA,NA,NA,NA,NA,NA,1.484708171,0.004674107
CNSB16,400_31_3,405_31,405,31,T90,N,S,400,31,SB_N,11.49,2949200.731,0.471,133.97504,103.3,NA,NA,NA,NA,94.6,50.3,19,163.9,100.4,54.3,18.2,172.9,48.4,28.2,18.9,95.5,57,30.7,15.6,1.24,0.357386757,0.362069503
CNSB2,280_28_1,288_28,288,28,T90,N,S,280,28,SB_N,10.862,4493033.818,0.697,206.9248,68.1,97.3,43.5,1.9,142.7,80,39.3,13.1,132.4,95.2,50,20.4,165.6,56.8,29.2,18,104,35.8,19.6,12.7,1.637,1.972291781,0.32296214
CNSB20,2800_31_1,3309_31,3309,31,T90,N,S,2800,31,SB_N,6.394,1159585.006,0.352,27.1808,178,79,38.9,7.2,125.1,105.3,58.8,19.2,183.3,89.6,49.2,23.6,162.4,86.9,50.1,25.2,162.2,96.8,58.5,22.7,0.799,0.927373259,0.514110177
CNSB3,400_31_1,405_31,405,31,T90,N,S,400,31,SB_N,11.577,2492830.406,0.31,123.45344,100.7,109.5,59.8,9.9,179.2,78.8,39.6,15.6,134,116.3,67.1,25.8,209.2,59.9,30.9,15.8,106.6,55.1,30.1,15.5,1.014,0.39163738,0.138315523
CNSB5,700_31_1,701_31,701,31,T90,N,S,700,31,SB_N,11.107,1890642.819,0.379,74.70336,89.6,135.8,80.7,26.9,243.4,58.1,31.5,11.5,101.1,57,30.1,15.6,102.7,67.8,36.1,16.2,120.1,50.2,27.1,12.3,1.105,0.603406392,0.255067571
CNSB6,700_28_1,673_28,673,28,T90,N,S,700,28,SB_N,10.674,1782024.858,0.363,93.29152,77.8,84.6,39.1,5.6,129.3,86.8,44.2,14,145,69.9,34.5,12.2,116.6,68.7,37.1,19.2,125,44.2,22.3,11.3,0.953,0.845282288,0.170443855
CNSB7,400_28_1,447_28,447,28,T90,N,S,400,28,SB_N,12.183,3231299.59,0.325,122.22592,73.9,NA,NA,NA,NA,89.5,45,13.9,148.4,73.3,37.8,17.5,128.6,44.1,22.3,12.4,78.8,40.1,21.3,12.5,1.232,1.194631766,0.181929689
CNSB8,2800_28_1,3285_28,3285,28,T90,N,S,2800,28,SB_N,9.859,2631897.484,0.659,66.28608,125.4,133.1,78.2,32.1,243.4,116.7,67.2,34.1,218,115.2,66.7,30.5,212.4,83.6,47.9,27.6,159.1,68.8,38.9,17.7,0.695,1.503640982,0.436669426
CNSC3,400_31_2,405_31,405,31,T90,N,S,400,31,SC_N,7.851,1200696.302,0.271,33.3184,122.4,125.8,75.3,20,221.1,83.8,45.3,21,150.1,85.3,44,13.3,142.6,63.6,31.4,11.1,106.1,69.9,38.6,13.9,0.938,0.371809518,0.175636759
CNSC5,700_31_2,701_31,701,31,T90,N,S,700,31,SC_N,9.474,2312774.865,0.169,58.57024,116.5,148.4,93.1,25.6,267.1,101.7,55.8,19.8,177.3,91,49.2,20.5,160.7,98.6,56.6,28.5,183.7,65.9,35.1,15.5,1.172,1.14215841,0.813399972
CNSC6,700_28_2,673_28,673,28,T90,N,S,700,28,SC_N,10.399,4939803.834,0.505,111.70432,115.9,135.8,81.5,29.1,246.4,87.8,47.8,18.7,154.3,94.4,52,26.3,172.7,54.3,30.6,19.2,104.1,66.5,34.2,15.2,1.137,1.704320176,0.167768308
CNSC7,2800_31_2,3309_31,3309,31,T90,N,S,2800,31,SC_N,9.315,665807.8368,0.183,14.221696,158.9,126,78.1,27.8,231.9,119.3,73.6,42.5,235.4,100.8,59.3,32.6,192.7,113.7,71.5,42,227.2,83.4,49.2,26.3,0.236,0.664523437,0.269563932
CNSC8,2800_28_2,3285_28,3285,28,T90,N,S,2800,28,SC_N,8.767,2927341.166,0.411,49.80224,113.5,104.3,54.7,11.2,170.2,142,83.7,47.6,273.3,107.2,59.1,30.6,196.9,103.9,58.1,26.7,188.7,68.1,34.9,10.5,-0.236,0.996726516,0.400401949
CNSC9,400_28,447_28,447,28,T0,N,S,T0,T0,SC_N,11.61133333,2238502.612,0.512,64.8832,NA,NA,NA,NA,NA,NA,NA,NA,NA,NA,NA,NA,NA,NA,NA,NA,NA,NA,NA,NA,NA,1.069439676,0.0344776
CNSD1,280_31_2,311_31,311,31,T90,N,S,280,31,SD_N,9.161,791762.1803,0.237,60.14848,84.9,103.6,54.1,9.9,167.6,90.9,50.6,21.6,163.1,80.7,44.3,20.1,145.1,78.8,44.9,21.9,145.6,48.5,24.9,11.5,0.919,0.464331365,0.443206965
CNSD10,400_28,447_28,447,28,T0,N,S,T0,T0,SD_N,11.04566667,2453601.714,0.545,112.05504,NA,NA,NA,NA,NA,NA,NA,NA,NA,NA,NA,NA,NA,NA,NA,NA,NA,NA,NA,NA,NA,1.226928056,0.04152396
CNSD2,280_28_2,288_28,288,28,T90,N,S,280,28,SD_N,8.986,3332705.219,0.422,146.77632,71.2,121,69.6,14.9,205.5,119.8,69.9,27.6,217.3,91.1,52.6,27.5,171.2,53.9,30.6,19.7,104.2,34.3,21.4,15.5,1.627,0.956832432,0.167846124
CNSD3,400_31_2,405_31,405,31,T90,N,S,400,31,SD_N,9.112,1783736.328,0.562,35.072,159.3,112.6,68.3,26.5,207.4,84.2,45.8,22.7,152.7,103.8,56.7,22.9,183.4,71.8,38.5,18.4,128.7,89.7,51.5,18.1,0.48,1.408668539,0.382243094
CNSD5,700_31_2,701_31,701,31,T90,N,S,700,31,SD_N,10.957,2587812.966,0.38,68.03968,112.7,103.7,58.6,13.4,175.7,99.2,60.2,23.1,182.5,71.4,40.4,18.2,130,85.3,47.7,25.4,158.4,61.5,34,17.2,1.214,0.927277363,0.189131608
CNSD6,700_28_2,673_28,673,28,T90,N,S,700,28,SD_N,8.568,4632172.729,0.7,122.752,66.7,158.6,105.5,35.7,299.8,92.6,50.8,22.6,166,59.6,31.9,19.8,111.3,59.2,36.1,26.2,121.5,33.5,19.6,13.6,0.978,1.181405065,0.338408997
CNSD7,2800_31_2,3309_31,3309,31,T90,N,S,2800,31,SD_N,8.368,906273.6507,0.78,28.23296,241.9,NA,NA,NA,NA,93.7,53.3,26.9,173.9,92.5,54.9,28.6,176,93.1,60.1,32.4,185.6,115.1,76.3,50.5,0.301,1.230154186,0.53134309
CNSD8,2800_28_2,3285_28,3285,28,T90,N,S,2800,28,SD_N,8.356,3108425.084,0.658,48.92544,145.2,97.5,51.5,7.3,156.3,80.1,42.7,20.4,143.2,77.2,42.7,23,142.9,81.1,46.3,24.7,152.1,79,45.4,20.8,0.488,1.879570215,0.327519389
CNSD9,400_28_2,447_28,447,28,T90,N,S,400,28,SD_N,8.1,2591111.111,0.617,105.74208,83.6,NA,NA,NA,NA,60.2,29.8,12.7,102.7,100.7,59.3,22.7,182.7,49.3,27.1,16.4,92.8,43.4,25.3,14.9,1.231,0.633840213,0.798658832
CNSE11,280_28_3,288_28,288,28,T90,N,S,280,28,SE_N,10.4,2587224.768,0.405,11.451008,96.9,99.7,54.4,5.4,159.5,125.2,67,25.1,217.3,90.4,48.3,21.7,160.4,55.9,28.9,13.6,98.4,52.2,29.2,15.5,0.658,0.912040748,0.154582837
CNSE20,400_31_3,405_31,405,31,T90,N,S,400,31,SE_N,11.112,3350071.994,0.416,121.34912,85.4,NA,NA,NA,NA,135,85.4,44.7,265.1,113.9,60.6,19.3,193.8,70.7,39.5,20.5,130.7,47.9,25.7,11.8,1.508,0.944080517,0.238912633
CNSE21,400_31_3,405_31,405,31,T90,N,S,400,31,SE_N,9.522,2554820.416,0.571,80.6656,88.8,NA,NA,NA,NA,141.9,89.5,47.6,279,93.1,49.2,20.8,163.1,73.5,41.8,24.7,140,47.9,26.4,14.5,1.931,0.475829758,0.308473686
CNSE22,400_28_3,447_28,447,28,T90,N,S,400,28,SE_N,8.415,2972352.056,0.386,109.07392,77.1,NA,NA,NA,NA,104.6,56.8,18.9,180.3,101.4,58.3,19.7,179.4,44.6,25.2,15.7,85.5,40.1,22.9,14.1,2.364,0.969555111,0.029976578
CNSE23,2800_28_3,3285_28,3285,28,T90,N,S,2800,28,SE_N,10.929,2124439.564,0.432,39.28064,143.3,123.7,63,22.9,209.6,NA,NA,NA,NA,88.7,51.1,22.5,162.3,64.7,34.6,16.1,115.4,79.9,46.9,16.5,0.034,1.589156521,0.95261644
CNSE5,700_31_3,701_31,701,31,T90,N,S,700,31,SE_N,10.615,58500.28261,0.224,31.38944,302.4,103,53,10.9,166.9,114.7,66.5,28.2,209.4,85.2,45,22.4,152.6,134.6,77.5,39.5,251.6,148.5,99.1,54.8,0.634,0.56281398,0.333028367
CNSE7,2800_31_3,3309_31,3309,31,T90,N,S,2800,31,SE_N,12.69,280851.0638,0.311,19.81568,190.2,171.3,117.9,44.9,334.1,113.1,60.8,28.7,202.6,120.9,67.6,34.6,223.1,140.6,83.6,48,272.2,95.2,52.6,42.4,0.478,0.543408786,0.150601436
CNSE9,400_28,447_28,447,28,T0,N,S,T0,T0,SE_N,10.54866667,2177905.58,0.336,3.15648,NA,NA,NA,NA,NA,NA,NA,NA,NA,NA,NA,NA,NA,NA,NA,NA,NA,NA,NA,NA,NA,0.69827626,0.021303245
CNSF13,700_28_3,673_28,673,28,T90,N,S,700,28,SF_N,8.722,3045746.388,0.441,66.81216,132,164.7,109.9,52.7,327.3,94.1,51.9,22.7,168.7,97.7,55.9,24,177.6,73.6,40.6,19.9,134.1,74.4,40.1,17.5,0.934,0.855386717,0.202620641
CNSF15,2800_31_3,3309_31,3309,31,T90,N,S,2800,31,SF_N,10.255,2251576.416,0.41,47.69792,128.6,126,75.1,32.3,233.4,129.2,82.6,45.6,257.4,121.6,71.2,35.7,228.5,103.5,61.6,40,205.1,68.5,37.8,22.3,1.043,1.055464189,0.187104234
CNSF20,400_28_3,447_28,447,28,T90,N,S,400,28,SF_N,6.942,3484874.676,0.636,74.00192,123.5,NA,NA,NA,NA,73.2,35.5,12,120.7,82.7,44.6,20.9,148.2,40.5,22,14.8,77.3,60.3,35.9,27.3,1.999,0.628668225,0.450717058
CNSF22,400_28,447_28,447,28,T0,N,S,T0,T0,SF_N,10.542,2523809.524,0.743,69.09184,NA,NA,NA,NA,NA,NA,NA,NA,NA,NA,NA,NA,NA,NA,NA,NA,NA,NA,NA,NA,NA,1.403308738,0.389528746
CNSF23,280_28_3,288_28,288,28,T90,N,S,280,28,SF_N,7.566,5542274.309,1.041,152.21248,123.5,NA,NA,NA,NA,124.8,67.3,25.9,218,102.5,56.2,19.9,178.6,38.8,21.2,15.2,75.2,71.4,35.7,16.4,1.445,1.612591095,0.615415876
CNSF24,280_31_3,311_31,311,31,T90,N,S,280,31,SF_N,11.243,3077529.722,0.415,118.01728,102.9,NA,NA,NA,NA,100,52.3,16.3,168.6,113.5,67.8,27.8,209.1,70.9,38.1,20.8,129.8,55.1,29.1,18.7,0.398,0.974835873,0.172083987
CNSF25,2800_28_3,3285_28,3285,28,T90,N,S,2800,28,SF_N,9.462,4277188.656,0.542,65.76,123.5,117.4,61.6,23.4,202.4,100,55.5,22.9,178.4,107.2,62.1,33.1,202.4,69.8,37.2,21.4,128.4,71.4,35.7,16.4,0.508,1.354541808,0.201486355
CNTA11,400_28_1,447_28,447,28,T90,N,T,400,28,TA_N,13.82,18909.33648,0.007,18.4128,165.3,NA,NA,NA,NA,102.4,62.3,30.95,195.65,111.5,68,28.9,208.4,73.8,46.6,27.7,148.1,82.1,51.1,32.1,0.2,0.058549034,0.110066408
CNTA7,400_28,447_28,447,28,T0,N,T,T0,T0,TA_N,5.42975,1345918.32,0.422,73.6512,NA,NA,NA,NA,NA,NA,NA,NA,NA,NA,NA,NA,NA,NA,NA,NA,NA,NA,NA,NA,NA,0.971409843,0.046459394
CNTB15,400_28,447_28,447,28,T0,N,T,T0,T0,TB_N,12.9025,1074644.449,0.3,163.26016,NA,NA,NA,NA,NA,NA,NA,NA,NA,NA,NA,NA,NA,NA,NA,NA,NA,NA,NA,NA,NA,0.929527178,0.039296806
CNTB2,280_28_1,288_28,288,28,T90,N,T,280,28,TB_N,19.043,983983.616,0.174,42.9632,175.7,89.1,51.2,11.2,151.5,101.45,56.05,19.4,176.9,132.25,77.35,31.4,241,143.9,86.05,42.6,272.55,106.55,53.05,16.1,0.109,0.390546658,0.133359622
CNTB8,2800_28_1,3285_28,3285,28,T90,N,T,2800,28,TB_N,13.526,34502.30426,0.006,13.50272,118.8,133.3,87.3,25.9,246.5,101.55,60.15,18.45,180.15,90.55,48.05,14.3,152.9,96.8,58.8,27.5,183.1,71.1,38.8,8.9,-0.29,0.068959686,0.00643299
CNTB9,400_28_1,447_28,447,28,T90,N,T,400,28,TB_N,15.733,503061.5055,0.085,55.41376,216.6,NA,NA,NA,NA,106.5,58.8,18.25,183.55,113.25,61.5,24.4,199.15,100.9,53.5,20.15,174.55,121.85,68.05,26.7,0.223,0.196207817,0.046560922
CNTC10,280_28_3,288_28,288,28,T90,N,T,280,28,TC_N,5.395,1352076.125,0.317,47.52256,151.25,NA,NA,NA,NA,104.5,59.55,22.7,186.75,117.3,70.35,34.8,222.45,83.2,45.5,20.15,148.85,80.8,46.1,24.35,0.356,0.563592517,0.14320249
CNTC16,280_28_2,288_28,288,28,T90,N,T,280,28,TC_N,7.669,272624.5327,0.027,23.32288,156.35,NA,NA,NA,NA,126.55,80.15,47.75,254.45,127.4,79.45,44.15,251,80.1,41.95,20.6,142.65,89.05,45.75,21.55,0.289,0.213027446,0.12993853
CNTC18,400_28,447_28,447,28,T0,N,T,T0,T0,TC_N,15.51916667,1117173.388,0.287,159.92832,NA,NA,NA,NA,NA,NA,NA,NA,NA,NA,NA,NA,NA,NA,NA,NA,NA,NA,NA,NA,NA,0.795417949,0.036220449
CNTC2,280_28_2,288_28,288,28,T90,N,T,280,28,TC_N,20.371,553457.4729,0.084,45.94432,217.05,68,38.8,17.6,124.4,145.5,100.95,52.2,298.65,157.9,111.6,57.6,327.1,103.35,58.2,23.25,184.8,114.25,68.1,34.7,0.151,0.123915261,0.049307161
CNTC21,400_28_2,447_28,447,28,T90,N,T,400,28,TC_N,9.533,238897.825,0.066,22.09536,207.7,NA,NA,NA,NA,95.55,51.9,22.4,169.85,107.7,60.95,29.1,197.75,98.95,56.55,25.1,180.6,110.4,65.9,31.4,0.141,0.17145664,0.134732455
CNTC22,280_31_2,311_31,311,31,T90,N,T,280,31,TC_N,10.661,28670.58529,0.05,150.8096,479.4,NA,NA,NA,NA,121.4,71.75,34.95,228.1,141.4,91.1,34,266.5,147.3,94.75,41.4,283.45,207.85,181.7,89.85,0.126,0.156600409,0.236873111
CNTD1,280_31_2,311_31,311,31,T90,N,T,280,31,TD_N,17.389,761975.9618,0.139,161.3312,415.55,61.1,30.6,6.4,98.1,123.3,77.15,29.3,229.75,146.85,92.55,25.6,265,188.35,136.6,61.35,386.3,190.4,153.85,71.3,0.199,0.391067499,0.095350007
CNTD13,400_28_2,447_28,447,28,T90,N,T,400,28,TD_N,10.053,597877.9841,0.066,36.29952,229.6,NA,NA,NA,NA,94.15,50.5,16.7,161.35,95.85,51,20.75,167.6,98.35,56.4,25.95,180.7,123.45,75.2,30.95,0.243,0.317132843,0.152586211
CNTD15,280_28_3,288_28,288,28,T90,N,T,280,28,TD_N,3.641,250251.7393,0.051,30.16192,193.75,NA,NA,NA,NA,114.85,65.75,30.45,211.05,106.7,57.45,25.2,189.35,96.6,52.55,23.05,172.2,106.85,61.35,25.55,0.187,0.885774991,0.806943189
CNTD2,280_28_2,288_28,288,28,T90,N,T,280,28,TD_N,20.952,416953.0355,0.082,62.42816,236,69.2,40,9.9,119.1,104.7,62.8,28.3,195.8,113.1,69.05,32.05,214.2,77.35,41.85,19.85,139.05,125.1,78.6,32.3,0.191,0.206929623,0.041451785
CNTD5,700_31_2,701_31,701,31,T90,N,T,700,31,TD_N,21.945,601382.2435,0.063,42.0864,517.7,137,94.7,38.4,270.1,112.05,66.8,28.2,207.05,176.5,122.6,45.4,344.5,231.7,190.5,95.25,517.45,220.05,191,106.65,0.007,0.140206052,0.061806136
CNTD6,700_28_2,673_28,673,28,T90,N,T,700,28,TD_N,22.357,1129651.718,0.047,64.53248,191.4,105.4,62.8,19.1,187.3,94.05,56.75,26.8,177.6,126.6,92,63.2,281.8,127.25,76,37.8,80.35,105.15,59.1,27.15,0.021,0.189803899,0.040277039
CNTD8,2800_28_2,3285_28,3285,28,T90,N,T,2800,28,TD_N,26.287,886217.522,0.013,24.90112,141.35,NA,NA,NA,NA,90.45,53.5,21.15,165.1,NA,NA,NA,NA,NA,NA,NA,NA,74.05,48.1,19.2,-0.196,0.084465782,0.096927743
CNTD9,400_28,447_28,447,28,T0,N,T,T0,T0,TD_N,6.285,853619.7295,0.571,63.568,NA,NA,NA,NA,NA,NA,NA,NA,NA,NA,NA,NA,NA,NA,NA,NA,NA,NA,NA,NA,NA,1.1841975,0.109854376
CNTE10,400_28_3,447_28,447,28,T90,N,T,400,28,TE_N,30.207,1035080.169,0.139,192.896,221.3,NA,NA,NA,NA,87,48.15,25,160.15,108.95,58.9,27.05,194.9,81.5,44.7,20.8,147,114.5,70.8,36,0.602,0.331140552,0.055756171
CNTE12,280_31_3,311_31,311,31,T90,N,T,280,31,TE_N,15.083,156957.2136,0.022,241.9968,274,NA,NA,NA,NA,103.55,62.2,32.55,198.3,104.05,57.2,22.7,183.95,89.2,50.1,19.4,158.7,128.5,97.5,48,0.257,0.261608811,0.177751988
CNTE15,280_31_3,311_31,311,31,T90,N,T,280,31,TE_N,30.404,184184.272,0.055,119.77088,378.25,76.7,40.5,17.9,135.1,91.15,53.95,26.4,171.5,98.1,57.3,23.85,179.25,110.8,68.95,33.8,213.55,163.45,134.75,80.05,0.173,0.14284724,0.049870605
CNTE17,400_28,447_28,447,28,T0,N,T,T0,T0,TE_N,14.0745,2340544.957,0.478,157.64864,NA,NA,NA,NA,NA,NA,NA,NA,NA,NA,NA,NA,NA,NA,NA,NA,NA,NA,NA,NA,NA,1.07301656,0.036534067
CNTE2,280_28_3,288_28,288,28,T90,N,T,280,28,TE_N,13.619,530435.4211,0.04,41.03424,464.35,71.8,41.5,14.4,127.7,124.45,80,42.6,247.05,112.9,67.55,36.25,216.7,109.8,65.7,30.25,205.75,196.1,174.1,94.15,0.129,0.144959338,0.056724407
CNTE6,700_28_3,673_28,673,28,T90,N,T,700,28,TE_N,30.319,430352.4704,0.008,48.04864,343.9,110.5,70,35.1,215.6,107.2,68.3,35.3,210.8,115.5,66.75,25.6,207.85,108.15,62.95,24.05,195.15,175,136.5,32.4,0.134,0.061912099,0.063726476
CNTE8,2800_28_3,3285_28,3285,28,T90,N,T,2800,28,TE_N,22.085,287378.8752,0.126,142.0416,121.3,78.1,45.8,13.6,137.5,62.95,37.7,22.4,123.05,55.55,31.75,20.05,107.35,58.35,33.4,20.45,112.2,65.25,36.65,19.4,-0.193,0.252867862,0.065760728
CNTF11,400_28,447_28,447,28,T0,N,T,T0,T0,TF_N,7.42675,3433354.653,0.382,9.82016,NA,NA,NA,NA,NA,NA,NA,NA,NA,NA,NA,NA,NA,NA,NA,NA,NA,NA,NA,NA,NA,0.761010785,0.059521152
CNTF2,280_28_3,288_28,288,28,T90,N,T,280,28,TF_N,26.052,103752.7029,0.038,83.12064,80.8,123,83.6,16.2,222.8,93.75,56.55,16.5,166.8,92.9,51.9,20.7,165.5,74,38.4,18.2,130.6,40.4,23.4,17,0.079,0.176394182,0.091186494
CNTF6,700_28_3,673_28,673,28,T90,N,T,700,28,TF_N,29.273,726001.5031,0.067,67.68896,281.8,94.3,60.2,12.3,166.8,102.45,64.2,22.4,189.05,140.2,94.1,46.5,280.8,92.95,54.9,26.65,174.5,136,96.8,49,0.101,0.182484497,0.061399767
CNTF8,2800_28_3,3285_28,3285,28,T90,N,T,2800,28,TF_N,25.133,1225490.391,0.104,86.10176,117.6,135.4,88,19.4,242.8,102.35,66.15,21.15,189.65,98.65,57.95,18.05,174.65,117.4,96.35,65.6,279.35,64.5,41.3,11.8,-0.195,0.320129647,0.107364248